yarn run v1.22.22
$ nest start --watch
[2J[3J[H[[90m3:26:28 p.m.[0m] Starting compilation in watch mode...

[96msrc/applications/agent-assignment.service.ts[0m:[93m46[0m:[93m30[0m - [91merror[0m[90m TS2339: [0mProperty 'package' does not exist on type 'Document<unknown, {}, Document<unknown, {}, User, {}, {}> & User & { _id: ObjectId; } & { __v: number; }, {}, {}> & Document<unknown, {}, User, {}, {}> & User & { ...; } & { ...; } & Required<...>'.

[7m46[0m     const packageType = user.package || 'free';
[7m  [0m [91m                             ~~~~~~~[0m

[96msrc/applications/agent-assignment.service.ts[0m:[93m161[0m:[93m30[0m - [91merror[0m[90m TS2339: [0mProperty 'package' does not exist on type 'Document<unknown, {}, Document<unknown, {}, User, {}, {}> & User & { _id: ObjectId; } & { __v: number; }, {}, {}> & Document<unknown, {}, User, {}, {}> & User & { ...; } & { ...; } & Required<...>'.

[7m161[0m     const packageType = user.package || 'free';
[7m   [0m [91m                             ~~~~~~~[0m

[96msrc/billing/__tests__/billing.service.spec.ts[0m:[93m8[0m:[93m1[0m - [91merror[0m[90m TS2593: [0mCannot find name 'describe'. Do you need to install type definitions for a test runner? Try `npm i --save-dev @types/jest` or `npm i --save-dev @types/mocha` and then add 'jest' or 'mocha' to the types field in your tsconfig.

[7m8[0m describe('BillingService', () => {
[7m [0m [91m~~~~~~~~[0m

[96msrc/billing/__tests__/billing.service.spec.ts[0m:[93m14[0m:[93m15[0m - [91merror[0m[90m TS2304: [0mCannot find name 'jest'.

[7m14[0m     findById: jest.fn(),
[7m  [0m [91m              ~~~~[0m

[96msrc/billing/__tests__/billing.service.spec.ts[0m:[93m15[0m:[93m24[0m - [91merror[0m[90m TS2304: [0mCannot find name 'jest'.

[7m15[0m     findByIdAndUpdate: jest.fn(),
[7m  [0m [91m                       ~~~~[0m

[96msrc/billing/__tests__/billing.service.spec.ts[0m:[93m16[0m:[93m14[0m - [91merror[0m[90m TS2304: [0mCannot find name 'jest'.

[7m16[0m     findOne: jest.fn(),
[7m  [0m [91m             ~~~~[0m

[96msrc/billing/__tests__/billing.service.spec.ts[0m:[93m20[0m:[93m11[0m - [91merror[0m[90m TS2304: [0mCannot find name 'jest'.

[7m20[0m     find: jest.fn(),
[7m  [0m [91m          ~~~~[0m

[96msrc/billing/__tests__/billing.service.spec.ts[0m:[93m21[0m:[93m15[0m - [91merror[0m[90m TS2304: [0mCannot find name 'jest'.

[7m21[0m     findById: jest.fn(),
[7m  [0m [91m              ~~~~[0m

[96msrc/billing/__tests__/billing.service.spec.ts[0m:[93m22[0m:[93m14[0m - [91merror[0m[90m TS2304: [0mCannot find name 'jest'.

[7m22[0m     findOne: jest.fn(),
[7m  [0m [91m             ~~~~[0m

[96msrc/billing/__tests__/billing.service.spec.ts[0m:[93m26[0m:[93m14[0m - [91merror[0m[90m TS2304: [0mCannot find name 'jest'.

[7m26[0m     findOne: jest.fn(),
[7m  [0m [91m             ~~~~[0m

[96msrc/billing/__tests__/billing.service.spec.ts[0m:[93m27[0m:[93m24[0m - [91merror[0m[90m TS2304: [0mCannot find name 'jest'.

[7m27[0m     findByIdAndUpdate: jest.fn(),
[7m  [0m [91m                       ~~~~[0m

[96msrc/billing/__tests__/billing.service.spec.ts[0m:[93m28[0m:[93m13[0m - [91merror[0m[90m TS2304: [0mCannot find name 'jest'.

[7m28[0m     create: jest.fn(),
[7m  [0m [91m            ~~~~[0m

[96msrc/billing/__tests__/billing.service.spec.ts[0m:[93m29[0m:[93m16[0m - [91merror[0m[90m TS2304: [0mCannot find name 'jest'.

[7m29[0m     updateOne: jest.fn(),
[7m  [0m [91m               ~~~~[0m

[96msrc/billing/__tests__/billing.service.spec.ts[0m:[93m33[0m:[93m14[0m - [91merror[0m[90m TS2304: [0mCannot find name 'jest'.

[7m33[0m     findOne: jest.fn(),
[7m  [0m [91m             ~~~~[0m

[96msrc/billing/__tests__/billing.service.spec.ts[0m:[93m34[0m:[93m23[0m - [91merror[0m[90m TS2304: [0mCannot find name 'jest'.

[7m34[0m     findOneAndUpdate: jest.fn(),
[7m  [0m [91m                      ~~~~[0m

[96msrc/billing/__tests__/billing.service.spec.ts[0m:[93m37[0m:[93m3[0m - [91merror[0m[90m TS2304: [0mCannot find name 'beforeEach'.

[7m37[0m   beforeEach(async () => {
[7m  [0m [91m  ~~~~~~~~~~[0m

[96msrc/billing/__tests__/billing.service.spec.ts[0m:[93m39[0m:[93m12[0m - [91merror[0m[90m TS2304: [0mCannot find name 'jest'.

[7m39[0m       get: jest.fn().mockImplementation((key: string, defaultValue?: any) => {
[7m  [0m [91m           ~~~~[0m

[96msrc/billing/__tests__/billing.service.spec.ts[0m:[93m50[0m:[93m19[0m - [91merror[0m[90m TS2304: [0mCannot find name 'jest'.

[7m50[0m       setContext: jest.fn(),
[7m  [0m [91m                  ~~~~[0m

[96msrc/billing/__tests__/billing.service.spec.ts[0m:[93m51[0m:[93m13[0m - [91merror[0m[90m TS2304: [0mCannot find name 'jest'.

[7m51[0m       info: jest.fn(),
[7m  [0m [91m            ~~~~[0m

[96msrc/billing/__tests__/billing.service.spec.ts[0m:[93m52[0m:[93m13[0m - [91merror[0m[90m TS2304: [0mCannot find name 'jest'.

[7m52[0m       warn: jest.fn(),
[7m  [0m [91m            ~~~~[0m

[96msrc/billing/__tests__/billing.service.spec.ts[0m:[93m53[0m:[93m14[0m - [91merror[0m[90m TS2304: [0mCannot find name 'jest'.

[7m53[0m       error: jest.fn(),
[7m  [0m [91m             ~~~~[0m

[96msrc/billing/__tests__/billing.service.spec.ts[0m:[93m54[0m:[93m14[0m - [91merror[0m[90m TS2304: [0mCannot find name 'jest'.

[7m54[0m       debug: jest.fn(),
[7m  [0m [91m             ~~~~[0m

[96msrc/billing/__tests__/billing.service.spec.ts[0m:[93m72[0m:[93m3[0m - [91merror[0m[90m TS2304: [0mCannot find name 'afterEach'.

[7m72[0m   afterEach(() => {
[7m  [0m [91m  ~~~~~~~~~[0m

[96msrc/billing/__tests__/billing.service.spec.ts[0m:[93m73[0m:[93m5[0m - [91merror[0m[90m TS2304: [0mCannot find name 'jest'.

[7m73[0m     jest.clearAllMocks();
[7m  [0m [91m    ~~~~[0m

[96msrc/billing/__tests__/billing.service.spec.ts[0m:[93m76[0m:[93m3[0m - [91merror[0m[90m TS2593: [0mCannot find name 'describe'. Do you need to install type definitions for a test runner? Try `npm i --save-dev @types/jest` or `npm i --save-dev @types/mocha` and then add 'jest' or 'mocha' to the types field in your tsconfig.

[7m76[0m   describe('handleStripeWebhook', () => {
[7m  [0m [91m  ~~~~~~~~[0m

[96msrc/billing/__tests__/billing.service.spec.ts[0m:[93m77[0m:[93m5[0m - [91merror[0m[90m TS2593: [0mCannot find name 'it'. Do you need to install type definitions for a test runner? Try `npm i --save-dev @types/jest` or `npm i --save-dev @types/mocha` and then add 'jest' or 'mocha' to the types field in your tsconfig.

[7m77[0m     it('should throw BadRequestException for invalid signature', async () => {
[7m  [0m [91m    ~~[0m

[96msrc/billing/__tests__/billing.service.spec.ts[0m:[93m81[0m:[93m13[0m - [91merror[0m[90m TS2304: [0mCannot find name 'expect'.

[7m81[0m       await expect(
[7m  [0m [91m            ~~~~~~[0m

[96msrc/billing/__tests__/billing.service.spec.ts[0m:[93m85[0m:[93m7[0m - [91merror[0m[90m TS2304: [0mCannot find name 'expect'.

[7m85[0m       expect(mockLogger.error).toHaveBeenCalledWith(
[7m  [0m [91m      ~~~~~~[0m

[96msrc/billing/__tests__/billing.service.spec.ts[0m:[93m86[0m:[93m9[0m - [91merror[0m[90m TS2304: [0mCannot find name 'expect'.

[7m86[0m         expect.objectContaining({ error: expect.any(String) }),
[7m  [0m [91m        ~~~~~~[0m

[96msrc/billing/__tests__/billing.service.spec.ts[0m:[93m86[0m:[93m42[0m - [91merror[0m[90m TS2304: [0mCannot find name 'expect'.

[7m86[0m         expect.objectContaining({ error: expect.any(String) }),
[7m  [0m [91m                                         ~~~~~~[0m

[96msrc/billing/__tests__/billing.service.spec.ts[0m:[93m91[0m:[93m5[0m - [91merror[0m[90m TS2593: [0mCannot find name 'it'. Do you need to install type definitions for a test runner? Try `npm i --save-dev @types/jest` or `npm i --save-dev @types/mocha` and then add 'jest' or 'mocha' to the types field in your tsconfig.

[7m91[0m     it('should validate webhook signature format', async () => {
[7m  [0m [91m    ~~[0m

[96msrc/billing/__tests__/billing.service.spec.ts[0m:[93m95[0m:[93m13[0m - [91merror[0m[90m TS2304: [0mCannot find name 'expect'.

[7m95[0m       await expect(
[7m  [0m [91m            ~~~~~~[0m

[96msrc/billing/__tests__/billing.service.spec.ts[0m:[93m104[0m:[93m3[0m - [91merror[0m[90m TS2593: [0mCannot find name 'describe'. Do you need to install type definitions for a test runner? Try `npm i --save-dev @types/jest` or `npm i --save-dev @types/mocha` and then add 'jest' or 'mocha' to the types field in your tsconfig.

[7m104[0m   describe('getPlans', () => {
[7m   [0m [91m  ~~~~~~~~[0m

[96msrc/billing/__tests__/billing.service.spec.ts[0m:[93m105[0m:[93m5[0m - [91merror[0m[90m TS2593: [0mCannot find name 'it'. Do you need to install type definitions for a test runner? Try `npm i --save-dev @types/jest` or `npm i --save-dev @types/mocha` and then add 'jest' or 'mocha' to the types field in your tsconfig.

[7m105[0m     it('should return active plans sorted by order', async () => {
[7m   [0m [91m    ~~[0m

[96msrc/billing/__tests__/billing.service.spec.ts[0m:[93m112[0m:[93m15[0m - [91merror[0m[90m TS2304: [0mCannot find name 'jest'.

[7m112[0m         sort: jest.fn().mockResolvedValue(mockPlans),
[7m   [0m [91m              ~~~~[0m

[96msrc/billing/__tests__/billing.service.spec.ts[0m:[93m117[0m:[93m7[0m - [91merror[0m[90m TS2304: [0mCannot find name 'expect'.

[7m117[0m       expect(mockPlanModel.find).toHaveBeenCalledWith({ isActive: true });
[7m   [0m [91m      ~~~~~~[0m

[96msrc/billing/__tests__/billing.service.spec.ts[0m:[93m118[0m:[93m7[0m - [91merror[0m[90m TS2304: [0mCannot find name 'expect'.

[7m118[0m       expect(result).toEqual(mockPlans);
[7m   [0m [91m      ~~~~~~[0m

[96msrc/billing/__tests__/billing.service.spec.ts[0m:[93m122[0m:[93m3[0m - [91merror[0m[90m TS2593: [0mCannot find name 'describe'. Do you need to install type definitions for a test runner? Try `npm i --save-dev @types/jest` or `npm i --save-dev @types/mocha` and then add 'jest' or 'mocha' to the types field in your tsconfig.

[7m122[0m   describe('recordUsage', () => {
[7m   [0m [91m  ~~~~~~~~[0m

[96msrc/billing/__tests__/billing.service.spec.ts[0m:[93m123[0m:[93m5[0m - [91merror[0m[90m TS2593: [0mCannot find name 'it'. Do you need to install type definitions for a test runner? Try `npm i --save-dev @types/jest` or `npm i --save-dev @types/mocha` and then add 'jest' or 'mocha' to the types field in your tsconfig.

[7m123[0m     it('should increment usage for a feature', async () => {
[7m   [0m [91m    ~~[0m

[96msrc/billing/__tests__/billing.service.spec.ts[0m:[93m140[0m:[93m7[0m - [91merror[0m[90m TS2304: [0mCannot find name 'expect'.

[7m140[0m       expect(mockUsageModel.findOneAndUpdate).toHaveBeenCalled();
[7m   [0m [91m      ~~~~~~[0m

[96msrc/billing/__tests__/billing.service.spec.ts[0m:[93m141[0m:[93m7[0m - [91merror[0m[90m TS2304: [0mCannot find name 'expect'.

[7m141[0m       expect(result.count).toBe(5);
[7m   [0m [91m      ~~~~~~[0m

[96msrc/billing/__tests__/billing.service.spec.ts[0m:[93m145[0m:[93m3[0m - [91merror[0m[90m TS2593: [0mCannot find name 'describe'. Do you need to install type definitions for a test runner? Try `npm i --save-dev @types/jest` or `npm i --save-dev @types/mocha` and then add 'jest' or 'mocha' to the types field in your tsconfig.

[7m145[0m   describe('getUsage', () => {
[7m   [0m [91m  ~~~~~~~~[0m

[96msrc/billing/__tests__/billing.service.spec.ts[0m:[93m146[0m:[93m5[0m - [91merror[0m[90m TS2593: [0mCannot find name 'it'. Do you need to install type definitions for a test runner? Try `npm i --save-dev @types/jest` or `npm i --save-dev @types/mocha` and then add 'jest' or 'mocha' to the types field in your tsconfig.

[7m146[0m     it('should return current usage for a feature', async () => {
[7m   [0m [91m    ~~[0m

[96msrc/billing/__tests__/billing.service.spec.ts[0m:[93m161[0m:[93m7[0m - [91merror[0m[90m TS2304: [0mCannot find name 'expect'.

[7m161[0m       expect(result).toBe(42);
[7m   [0m [91m      ~~~~~~[0m

[96msrc/billing/__tests__/billing.service.spec.ts[0m:[93m164[0m:[93m5[0m - [91merror[0m[90m TS2593: [0mCannot find name 'it'. Do you need to install type definitions for a test runner? Try `npm i --save-dev @types/jest` or `npm i --save-dev @types/mocha` and then add 'jest' or 'mocha' to the types field in your tsconfig.

[7m164[0m     it('should return 0 if no usage record exists', async () => {
[7m   [0m [91m    ~~[0m

[96msrc/billing/__tests__/billing.service.spec.ts[0m:[93m173[0m:[93m7[0m - [91merror[0m[90m TS2304: [0mCannot find name 'expect'.

[7m173[0m       expect(result).toBe(0);
[7m   [0m [91m      ~~~~~~[0m

[96msrc/billing/billing.service.ts[0m:[93m37[0m:[93m7[0m - [91merror[0m[90m TS2322: [0mType '"2024-12-18.acacia"' is not assignable to type '"2023-10-16"'.

[7m37[0m       apiVersion: '2024-12-18.acacia',
[7m  [0m [91m      ~~~~~~~~~~[0m

  [96mnode_modules/stripe/types/lib.d.ts[0m:[93m47[0m:[93m7[0m
    [7m47[0m       apiVersion?: LatestApiVersion;
    [7m  [0m [96m      ~~~~~~~~~~[0m
    The expected type comes from property 'apiVersion' which is declared here on type 'StripeConfig'

[96msrc/billing/billing.service.ts[0m:[93m81[0m:[93m17[0m - [91merror[0m[90m TS2339: [0mProperty 'info' does not exist on type 'Logger'.

[7m81[0m     this.logger.info({ userId: user._id, customerId: customer.id }, 'Stripe customer created');
[7m  [0m [91m                ~~~~[0m

[96msrc/billing/billing.service.ts[0m:[93m133[0m:[93m17[0m - [91merror[0m[90m TS2339: [0mProperty 'info' does not exist on type 'Logger'.

[7m133[0m     this.logger.info(
[7m   [0m [91m                ~~~~[0m

[96msrc/billing/billing.service.ts[0m:[93m178[0m:[93m19[0m - [91merror[0m[90m TS2339: [0mProperty 'info' does not exist on type 'Logger'.

[7m178[0m       this.logger.info(
[7m   [0m [91m                  ~~~~[0m

[96msrc/billing/billing.service.ts[0m:[93m194[0m:[93m19[0m - [91merror[0m[90m TS2339: [0mProperty 'info' does not exist on type 'Logger'.

[7m194[0m       this.logger.info(
[7m   [0m [91m                  ~~~~[0m

[96msrc/billing/billing.service.ts[0m:[93m221[0m:[93m17[0m - [91merror[0m[90m TS2339: [0mProperty 'info' does not exist on type 'Logger'.

[7m221[0m     this.logger.info(
[7m   [0m [91m                ~~~~[0m

[96msrc/billing/billing.service.ts[0m:[93m241[0m:[93m17[0m - [91merror[0m[90m TS2339: [0mProperty 'info' does not exist on type 'Logger'.

[7m241[0m     this.logger.info({ userId }, 'User downgraded to free plan');
[7m   [0m [91m                ~~~~[0m

[96msrc/billing/billing.service.ts[0m:[93m261[0m:[93m17[0m - [91merror[0m[90m TS2339: [0mProperty 'info' does not exist on type 'Logger'.

[7m261[0m     this.logger.info({ eventType: event.type, eventId: event.id }, 'Processing Stripe webhook');
[7m   [0m [91m                ~~~~[0m

[96msrc/billing/billing.service.ts[0m:[93m303[0m:[93m17[0m - [91merror[0m[90m TS2339: [0mProperty 'info' does not exist on type 'Logger'.

[7m303[0m     this.logger.info(
[7m   [0m [91m                ~~~~[0m

[96msrc/billing/billing.service.ts[0m:[93m370[0m:[93m17[0m - [91merror[0m[90m TS2339: [0mProperty 'info' does not exist on type 'Logger'.

[7m370[0m     this.logger.info(
[7m   [0m [91m                ~~~~[0m

[96msrc/billing/billing.service.ts[0m:[93m394[0m:[93m17[0m - [91merror[0m[90m TS2339: [0mProperty 'info' does not exist on type 'Logger'.

[7m394[0m     this.logger.info({ userId, subscriptionId: subscription.id }, 'Subscription deleted');
[7m   [0m [91m                ~~~~[0m

[96msrc/billing/billing.service.ts[0m:[93m402[0m:[93m19[0m - [91merror[0m[90m TS2339: [0mProperty 'info' does not exist on type 'Logger'.

[7m402[0m       this.logger.info({ userId: user._id, invoiceId: invoice.id }, 'Payment succeeded');
[7m   [0m [91m                  ~~~~[0m

[96msrc/billing/billing.service.ts[0m:[93m480[0m:[93m17[0m - [91merror[0m[90m TS2339: [0mProperty 'info' does not exist on type 'Logger'.

[7m480[0m     this.logger.info({ userId, periodStart, periodEnd }, 'Usage reset for new period');
[7m   [0m [91m                ~~~~[0m

[96msrc/common/decorators/roles.decorator.ts[0m:[93m2[0m:[93m26[0m - [91merror[0m[90m TS2307: [0mCannot find module '@jobocate/contracts' or its corresponding type declarations.

[7m2[0m import { UserRole } from '@jobocate/contracts';
[7m [0m [91m                         ~~~~~~~~~~~~~~~~~~~~~[0m

[96msrc/entitlement/__tests__/entitlement.guard.spec.ts[0m:[93m6[0m:[93m29[0m - [91merror[0m[90m TS2307: [0mCannot find module '@jobocate/contracts' or its corresponding type declarations.

[7m6[0m import { FeatureKeys } from '@jobocate/contracts';
[7m [0m [91m                            ~~~~~~~~~~~~~~~~~~~~~[0m

[96msrc/entitlement/__tests__/entitlement.guard.spec.ts[0m:[93m8[0m:[93m1[0m - [91merror[0m[90m TS2593: [0mCannot find name 'describe'. Do you need to install type definitions for a test runner? Try `npm i --save-dev @types/jest` or `npm i --save-dev @types/mocha` and then add 'jest' or 'mocha' to the types field in your tsconfig.

[7m8[0m describe('EntitlementGuard', () => {
[7m [0m [91m~~~~~~~~[0m

[96msrc/entitlement/__tests__/entitlement.guard.spec.ts[0m:[93m14[0m:[93m23[0m - [91merror[0m[90m TS2304: [0mCannot find name 'jest'.

[7m14[0m     checkEntitlement: jest.fn(),
[7m  [0m [91m                      ~~~~[0m

[96msrc/entitlement/__tests__/entitlement.guard.spec.ts[0m:[93m30[0m:[93m3[0m - [91merror[0m[90m TS2304: [0mCannot find name 'beforeEach'.

[7m30[0m   beforeEach(async () => {
[7m  [0m [91m  ~~~~~~~~~~[0m

[96msrc/entitlement/__tests__/entitlement.guard.spec.ts[0m:[93m44[0m:[93m3[0m - [91merror[0m[90m TS2304: [0mCannot find name 'afterEach'.

[7m44[0m   afterEach(() => {
[7m  [0m [91m  ~~~~~~~~~[0m

[96msrc/entitlement/__tests__/entitlement.guard.spec.ts[0m:[93m45[0m:[93m5[0m - [91merror[0m[90m TS2304: [0mCannot find name 'jest'.

[7m45[0m     jest.clearAllMocks();
[7m  [0m [91m    ~~~~[0m

[96msrc/entitlement/__tests__/entitlement.guard.spec.ts[0m:[93m48[0m:[93m3[0m - [91merror[0m[90m TS2593: [0mCannot find name 'describe'. Do you need to install type definitions for a test runner? Try `npm i --save-dev @types/jest` or `npm i --save-dev @types/mocha` and then add 'jest' or 'mocha' to the types field in your tsconfig.

[7m48[0m   describe('canActivate', () => {
[7m  [0m [91m  ~~~~~~~~[0m

[96msrc/entitlement/__tests__/entitlement.guard.spec.ts[0m:[93m49[0m:[93m5[0m - [91merror[0m[90m TS2593: [0mCannot find name 'it'. Do you need to install type definitions for a test runner? Try `npm i --save-dev @types/jest` or `npm i --save-dev @types/mocha` and then add 'jest' or 'mocha' to the types field in your tsconfig.

[7m49[0m     it('should allow access when no entitlement metadata is set', async () => {
[7m  [0m [91m    ~~[0m

[96msrc/entitlement/__tests__/entitlement.guard.spec.ts[0m:[93m50[0m:[93m7[0m - [91merror[0m[90m TS2304: [0mCannot find name 'jest'.

[7m50[0m       jest.spyOn(reflector, 'getAllAndOverride').mockReturnValue(undefined);
[7m  [0m [91m      ~~~~[0m

[96msrc/entitlement/__tests__/entitlement.guard.spec.ts[0m:[93m55[0m:[93m7[0m - [91merror[0m[90m TS2304: [0mCannot find name 'expect'.

[7m55[0m       expect(result).toBe(true);
[7m  [0m [91m      ~~~~~~[0m

[96msrc/entitlement/__tests__/entitlement.guard.spec.ts[0m:[93m56[0m:[93m7[0m - [91merror[0m[90m TS2304: [0mCannot find name 'expect'.

[7m56[0m       expect(mockEntitlementService.checkEntitlement).not.toHaveBeenCalled();
[7m  [0m [91m      ~~~~~~[0m

[96msrc/entitlement/__tests__/entitlement.guard.spec.ts[0m:[93m59[0m:[93m5[0m - [91merror[0m[90m TS2593: [0mCannot find name 'it'. Do you need to install type definitions for a test runner? Try `npm i --save-dev @types/jest` or `npm i --save-dev @types/mocha` and then add 'jest' or 'mocha' to the types field in your tsconfig.

[7m59[0m     it('should throw ForbiddenException when no user in request', async () => {
[7m  [0m [91m    ~~[0m

[96msrc/entitlement/__tests__/entitlement.guard.spec.ts[0m:[93m63[0m:[93m7[0m - [91merror[0m[90m TS2304: [0mCannot find name 'jest'.

[7m63[0m       jest.spyOn(reflector, 'getAllAndOverride').mockReturnValue(metadata);
[7m  [0m [91m      ~~~~[0m

[96msrc/entitlement/__tests__/entitlement.guard.spec.ts[0m:[93m67[0m:[93m13[0m - [91merror[0m[90m TS2304: [0mCannot find name 'expect'.

[7m67[0m       await expect(guard.canActivate(context)).rejects.toThrow(ForbiddenException);
[7m  [0m [91m            ~~~~~~[0m

[96msrc/entitlement/__tests__/entitlement.guard.spec.ts[0m:[93m68[0m:[93m13[0m - [91merror[0m[90m TS2304: [0mCannot find name 'expect'.

[7m68[0m       await expect(guard.canActivate(context)).rejects.toThrow('Authentication required');
[7m  [0m [91m            ~~~~~~[0m

[96msrc/entitlement/__tests__/entitlement.guard.spec.ts[0m:[93m71[0m:[93m5[0m - [91merror[0m[90m TS2593: [0mCannot find name 'it'. Do you need to install type definitions for a test runner? Try `npm i --save-dev @types/jest` or `npm i --save-dev @types/mocha` and then add 'jest' or 'mocha' to the types field in your tsconfig.

[7m71[0m     it('should allow access when entitlement check passes', async () => {
[7m  [0m [91m    ~~[0m

[96msrc/entitlement/__tests__/entitlement.guard.spec.ts[0m:[93m75[0m:[93m7[0m - [91merror[0m[90m TS2304: [0mCannot find name 'jest'.

[7m75[0m       jest.spyOn(reflector, 'getAllAndOverride').mockReturnValue(metadata);
[7m  [0m [91m      ~~~~[0m

[96msrc/entitlement/__tests__/entitlement.guard.spec.ts[0m:[93m87[0m:[93m7[0m - [91merror[0m[90m TS2304: [0mCannot find name 'expect'.

[7m87[0m       expect(result).toBe(true);
[7m  [0m [91m      ~~~~~~[0m

[96msrc/entitlement/__tests__/entitlement.guard.spec.ts[0m:[93m88[0m:[93m7[0m - [91merror[0m[90m TS2304: [0mCannot find name 'expect'.

[7m88[0m       expect(mockEntitlementService.checkEntitlement).toHaveBeenCalledWith(
[7m  [0m [91m      ~~~~~~[0m

[96msrc/entitlement/__tests__/entitlement.guard.spec.ts[0m:[93m98[0m:[93m5[0m - [91merror[0m[90m TS2593: [0mCannot find name 'it'. Do you need to install type definitions for a test runner? Try `npm i --save-dev @types/jest` or `npm i --save-dev @types/mocha` and then add 'jest' or 'mocha' to the types field in your tsconfig.

[7m98[0m     it('should throw ForbiddenException when entitlement check fails', async () => {
[7m  [0m [91m    ~~[0m

[96msrc/entitlement/__tests__/entitlement.guard.spec.ts[0m:[93m102[0m:[93m7[0m - [91merror[0m[90m TS2304: [0mCannot find name 'jest'.

[7m102[0m       jest.spyOn(reflector, 'getAllAndOverride').mockReturnValue(metadata);
[7m   [0m [91m      ~~~~[0m

[96msrc/entitlement/__tests__/entitlement.guard.spec.ts[0m:[93m113[0m:[93m13[0m - [91merror[0m[90m TS2304: [0mCannot find name 'expect'.

[7m113[0m       await expect(guard.canActivate(context)).rejects.toThrow(ForbiddenException);
[7m   [0m [91m            ~~~~~~[0m

[96msrc/entitlement/__tests__/entitlement.guard.spec.ts[0m:[93m114[0m:[93m13[0m - [91merror[0m[90m TS2304: [0mCannot find name 'expect'.

[7m114[0m       await expect(guard.canActivate(context)).rejects.toThrow(
[7m   [0m [91m            ~~~~~~[0m

[96msrc/entitlement/__tests__/entitlement.guard.spec.ts[0m:[93m119[0m:[93m5[0m - [91merror[0m[90m TS2593: [0mCannot find name 'it'. Do you need to install type definitions for a test runner? Try `npm i --save-dev @types/jest` or `npm i --save-dev @types/mocha` and then add 'jest' or 'mocha' to the types field in your tsconfig.

[7m119[0m     it('should pass incrementUsage option to service', async () => {
[7m   [0m [91m    ~~[0m

[96msrc/entitlement/__tests__/entitlement.guard.spec.ts[0m:[93m124[0m:[93m7[0m - [91merror[0m[90m TS2304: [0mCannot find name 'jest'.

[7m124[0m       jest.spyOn(reflector, 'getAllAndOverride').mockReturnValue(metadata);
[7m   [0m [91m      ~~~~[0m

[96msrc/entitlement/__tests__/entitlement.guard.spec.ts[0m:[93m138[0m:[93m7[0m - [91merror[0m[90m TS2304: [0mCannot find name 'expect'.

[7m138[0m       expect(mockEntitlementService.checkEntitlement).toHaveBeenCalledWith(
[7m   [0m [91m      ~~~~~~[0m

[96msrc/entitlement/__tests__/entitlement.guard.spec.ts[0m:[93m140[0m:[93m9[0m - [91merror[0m[90m TS2304: [0mCannot find name 'expect'.

[7m140[0m         expect.objectContaining({
[7m   [0m [91m        ~~~~~~[0m

[96msrc/entitlement/__tests__/entitlement.guard.spec.ts[0m:[93m146[0m:[93m5[0m - [91merror[0m[90m TS2593: [0mCannot find name 'it'. Do you need to install type definitions for a test runner? Try `npm i --save-dev @types/jest` or `npm i --save-dev @types/mocha` and then add 'jest' or 'mocha' to the types field in your tsconfig.

[7m146[0m     it('should pass requiredValue option for tier checks', async () => {
[7m   [0m [91m    ~~[0m

[96msrc/entitlement/__tests__/entitlement.guard.spec.ts[0m:[93m151[0m:[93m7[0m - [91merror[0m[90m TS2304: [0mCannot find name 'jest'.

[7m151[0m       jest.spyOn(reflector, 'getAllAndOverride').mockReturnValue(metadata);
[7m   [0m [91m      ~~~~[0m

[96msrc/entitlement/__tests__/entitlement.guard.spec.ts[0m:[93m163[0m:[93m7[0m - [91merror[0m[90m TS2304: [0mCannot find name 'expect'.

[7m163[0m       expect(mockEntitlementService.checkEntitlement).toHaveBeenCalledWith(
[7m   [0m [91m      ~~~~~~[0m

[96msrc/entitlement/__tests__/entitlement.guard.spec.ts[0m:[93m165[0m:[93m9[0m - [91merror[0m[90m TS2304: [0mCannot find name 'expect'.

[7m165[0m         expect.objectContaining({
[7m   [0m [91m        ~~~~~~[0m

[96msrc/entitlement/__tests__/entitlement.guard.spec.ts[0m:[93m171[0m:[93m5[0m - [91merror[0m[90m TS2593: [0mCannot find name 'it'. Do you need to install type definitions for a test runner? Try `npm i --save-dev @types/jest` or `npm i --save-dev @types/mocha` and then add 'jest' or 'mocha' to the types field in your tsconfig.

[7m171[0m     it('should attach entitlement result to request', async () => {
[7m   [0m [91m    ~~[0m

[96msrc/entitlement/__tests__/entitlement.guard.spec.ts[0m:[93m175[0m:[93m7[0m - [91merror[0m[90m TS2304: [0mCannot find name 'jest'.

[7m175[0m       jest.spyOn(reflector, 'getAllAndOverride').mockReturnValue(metadata);
[7m   [0m [91m      ~~~~[0m

[96msrc/entitlement/__tests__/entitlement.guard.spec.ts[0m:[93m199[0m:[93m7[0m - [91merror[0m[90m TS2304: [0mCannot find name 'expect'.

[7m199[0m       expect(request.entitlementCheck).toEqual(checkResult);
[7m   [0m [91m      ~~~~~~[0m

[96msrc/entitlement/__tests__/entitlement.service.spec.ts[0m:[93m6[0m:[93m29[0m - [91merror[0m[90m TS2307: [0mCannot find module '@jobocate/contracts' or its corresponding type declarations.

[7m6[0m import { FeatureKeys } from '@jobocate/contracts';
[7m [0m [91m                            ~~~~~~~~~~~~~~~~~~~~~[0m

[96msrc/entitlement/__tests__/entitlement.service.spec.ts[0m:[93m8[0m:[93m1[0m - [91merror[0m[90m TS2593: [0mCannot find name 'describe'. Do you need to install type definitions for a test runner? Try `npm i --save-dev @types/jest` or `npm i --save-dev @types/mocha` and then add 'jest' or 'mocha' to the types field in your tsconfig.

[7m8[0m describe('EntitlementService', () => {
[7m [0m [91m~~~~~~~~[0m

[96msrc/entitlement/__tests__/entitlement.service.spec.ts[0m:[93m13[0m:[93m15[0m - [91merror[0m[90m TS2304: [0mCannot find name 'jest'.

[7m13[0m     findById: jest.fn(),
[7m  [0m [91m              ~~~~[0m

[96msrc/entitlement/__tests__/entitlement.service.spec.ts[0m:[93m17[0m:[93m14[0m - [91merror[0m[90m TS2304: [0mCannot find name 'jest'.

[7m17[0m     findOne: jest.fn(),
[7m  [0m [91m             ~~~~[0m

[96msrc/entitlement/__tests__/entitlement.service.spec.ts[0m:[93m18[0m:[93m11[0m - [91merror[0m[90m TS2304: [0mCannot find name 'jest'.

[7m18[0m     find: jest.fn(),
[7m  [0m [91m          ~~~~[0m

[96msrc/entitlement/__tests__/entitlement.service.spec.ts[0m:[93m22[0m:[93m14[0m - [91merror[0m[90m TS2304: [0mCannot find name 'jest'.

[7m22[0m     findOne: jest.fn(),
[7m  [0m [91m             ~~~~[0m

[96msrc/entitlement/__tests__/entitlement.service.spec.ts[0m:[93m26[0m:[93m14[0m - [91merror[0m[90m TS2304: [0mCannot find name 'jest'.

[7m26[0m     findOne: jest.fn(),
[7m  [0m [91m             ~~~~[0m

[96msrc/entitlement/__tests__/entitlement.service.spec.ts[0m:[93m27[0m:[93m23[0m - [91merror[0m[90m TS2304: [0mCannot find name 'jest'.

[7m27[0m     findOneAndUpdate: jest.fn(),
[7m  [0m [91m                      ~~~~[0m

[96msrc/entitlement/__tests__/entitlement.service.spec.ts[0m:[93m31[0m:[93m14[0m - [91merror[0m[90m TS2304: [0mCannot find name 'jest'.

[7m31[0m     findOne: jest.fn(),
[7m  [0m [91m             ~~~~[0m

[96msrc/entitlement/__tests__/entitlement.service.spec.ts[0m:[93m37[0m:[93m3[0m - [91merror[0m[90m TS2304: [0mCannot find name 'beforeEach'.

[7m37[0m   beforeEach(async () => {
[7m  [0m [91m  ~~~~~~~~~~[0m

[96msrc/entitlement/__tests__/entitlement.service.spec.ts[0m:[93m39[0m:[93m19[0m - [91merror[0m[90m TS2304: [0mCannot find name 'jest'.

[7m39[0m       setContext: jest.fn(),
[7m  [0m [91m                  ~~~~[0m

[96msrc/entitlement/__tests__/entitlement.service.spec.ts[0m:[93m40[0m:[93m13[0m - [91merror[0m[90m TS2304: [0mCannot find name 'jest'.

[7m40[0m       info: jest.fn(),
[7m  [0m [91m            ~~~~[0m

[96msrc/entitlement/__tests__/entitlement.service.spec.ts[0m:[93m41[0m:[93m13[0m - [91merror[0m[90m TS2304: [0mCannot find name 'jest'.

[7m41[0m       warn: jest.fn(),
[7m  [0m [91m            ~~~~[0m

[96msrc/entitlement/__tests__/entitlement.service.spec.ts[0m:[93m42[0m:[93m14[0m - [91merror[0m[90m TS2304: [0mCannot find name 'jest'.

[7m42[0m       error: jest.fn(),
[7m  [0m [91m             ~~~~[0m

[96msrc/entitlement/__tests__/entitlement.service.spec.ts[0m:[93m43[0m:[93m14[0m - [91merror[0m[90m TS2304: [0mCannot find name 'jest'.

[7m43[0m       debug: jest.fn(),
[7m  [0m [91m             ~~~~[0m

[96msrc/entitlement/__tests__/entitlement.service.spec.ts[0m:[93m61[0m:[93m3[0m - [91merror[0m[90m TS2304: [0mCannot find name 'afterEach'.

[7m61[0m   afterEach(() => {
[7m  [0m [91m  ~~~~~~~~~[0m

[96msrc/entitlement/__tests__/entitlement.service.spec.ts[0m:[93m62[0m:[93m5[0m - [91merror[0m[90m TS2304: [0mCannot find name 'jest'.

[7m62[0m     jest.clearAllMocks();
[7m  [0m [91m    ~~~~[0m

[96msrc/entitlement/__tests__/entitlement.service.spec.ts[0m:[93m65[0m:[93m3[0m - [91merror[0m[90m TS2593: [0mCannot find name 'describe'. Do you need to install type definitions for a test runner? Try `npm i --save-dev @types/jest` or `npm i --save-dev @types/mocha` and then add 'jest' or 'mocha' to the types field in your tsconfig.

[7m65[0m   describe('checkEntitlement - Boolean Features', () => {
[7m  [0m [91m  ~~~~~~~~[0m

[96msrc/entitlement/__tests__/entitlement.service.spec.ts[0m:[93m66[0m:[93m5[0m - [91merror[0m[90m TS2593: [0mCannot find name 'it'. Do you need to install type definitions for a test runner? Try `npm i --save-dev @types/jest` or `npm i --save-dev @types/mocha` and then add 'jest' or 'mocha' to the types field in your tsconfig.

[7m66[0m     it('should allow access when boolean entitlement is true', async () => {
[7m  [0m [91m    ~~[0m

[96msrc/entitlement/__tests__/entitlement.service.spec.ts[0m:[93m89[0m:[93m7[0m - [91merror[0m[90m TS2304: [0mCannot find name 'expect'.

[7m89[0m       expect(result.allowed).toBe(true);
[7m  [0m [91m      ~~~~~~[0m

[96msrc/entitlement/__tests__/entitlement.service.spec.ts[0m:[93m90[0m:[93m7[0m - [91merror[0m[90m TS2304: [0mCannot find name 'expect'.

[7m90[0m       expect(result.currentValue).toBe(true);
[7m  [0m [91m      ~~~~~~[0m

[96msrc/entitlement/__tests__/entitlement.service.spec.ts[0m:[93m93[0m:[93m5[0m - [91merror[0m[90m TS2593: [0mCannot find name 'it'. Do you need to install type definitions for a test runner? Try `npm i --save-dev @types/jest` or `npm i --save-dev @types/mocha` and then add 'jest' or 'mocha' to the types field in your tsconfig.

[7m93[0m     it('should deny access when boolean entitlement is false', async () => {
[7m  [0m [91m    ~~[0m

[96msrc/entitlement/__tests__/entitlement.service.spec.ts[0m:[93m116[0m:[93m7[0m - [91merror[0m[90m TS2304: [0mCannot find name 'expect'.

[7m116[0m       expect(result.allowed).toBe(false);
[7m   [0m [91m      ~~~~~~[0m

[96msrc/entitlement/__tests__/entitlement.service.spec.ts[0m:[93m117[0m:[93m7[0m - [91merror[0m[90m TS2304: [0mCannot find name 'expect'.

[7m117[0m       expect(result.message).toContain('requires upgrade');
[7m   [0m [91m      ~~~~~~[0m

[96msrc/entitlement/__tests__/entitlement.service.spec.ts[0m:[93m121[0m:[93m3[0m - [91merror[0m[90m TS2593: [0mCannot find name 'describe'. Do you need to install type definitions for a test runner? Try `npm i --save-dev @types/jest` or `npm i --save-dev @types/mocha` and then add 'jest' or 'mocha' to the types field in your tsconfig.

[7m121[0m   describe('checkEntitlement - Limit Features', () => {
[7m   [0m [91m  ~~~~~~~~[0m

[96msrc/entitlement/__tests__/entitlement.service.spec.ts[0m:[93m122[0m:[93m5[0m - [91merror[0m[90m TS2593: [0mCannot find name 'it'. Do you need to install type definitions for a test runner? Try `npm i --save-dev @types/jest` or `npm i --save-dev @types/mocha` and then add 'jest' or 'mocha' to the types field in your tsconfig.

[7m122[0m     it('should allow access when under limit', async () => {
[7m   [0m [91m    ~~[0m

[96msrc/entitlement/__tests__/entitlement.service.spec.ts[0m:[93m154[0m:[93m7[0m - [91merror[0m[90m TS2304: [0mCannot find name 'expect'.

[7m154[0m       expect(result.allowed).toBe(true);
[7m   [0m [91m      ~~~~~~[0m

[96msrc/entitlement/__tests__/entitlement.service.spec.ts[0m:[93m155[0m:[93m7[0m - [91merror[0m[90m TS2304: [0mCannot find name 'expect'.

[7m155[0m       expect(result.limit).toBe(50);
[7m   [0m [91m      ~~~~~~[0m

[96msrc/entitlement/__tests__/entitlement.service.spec.ts[0m:[93m156[0m:[93m7[0m - [91merror[0m[90m TS2304: [0mCannot find name 'expect'.

[7m156[0m       expect(result.usage).toBe(10);
[7m   [0m [91m      ~~~~~~[0m

[96msrc/entitlement/__tests__/entitlement.service.spec.ts[0m:[93m157[0m:[93m7[0m - [91merror[0m[90m TS2304: [0mCannot find name 'expect'.

[7m157[0m       expect(result.remaining).toBe(40);
[7m   [0m [91m      ~~~~~~[0m

[96msrc/entitlement/__tests__/entitlement.service.spec.ts[0m:[93m160[0m:[93m5[0m - [91merror[0m[90m TS2593: [0mCannot find name 'it'. Do you need to install type definitions for a test runner? Try `npm i --save-dev @types/jest` or `npm i --save-dev @types/mocha` and then add 'jest' or 'mocha' to the types field in your tsconfig.

[7m160[0m     it('should deny access when at limit', async () => {
[7m   [0m [91m    ~~[0m

[96msrc/entitlement/__tests__/entitlement.service.spec.ts[0m:[93m189[0m:[93m7[0m - [91merror[0m[90m TS2304: [0mCannot find name 'expect'.

[7m189[0m       expect(result.allowed).toBe(false);
[7m   [0m [91m      ~~~~~~[0m

[96msrc/entitlement/__tests__/entitlement.service.spec.ts[0m:[93m190[0m:[93m7[0m - [91merror[0m[90m TS2304: [0mCannot find name 'expect'.

[7m190[0m       expect(result.remaining).toBe(0);
[7m   [0m [91m      ~~~~~~[0m

[96msrc/entitlement/__tests__/entitlement.service.spec.ts[0m:[93m191[0m:[93m7[0m - [91merror[0m[90m TS2304: [0mCannot find name 'expect'.

[7m191[0m       expect(result.message).toContain('Limit reached');
[7m   [0m [91m      ~~~~~~[0m

[96msrc/entitlement/__tests__/entitlement.service.spec.ts[0m:[93m194[0m:[93m5[0m - [91merror[0m[90m TS2593: [0mCannot find name 'it'. Do you need to install type definitions for a test runner? Try `npm i --save-dev @types/jest` or `npm i --save-dev @types/mocha` and then add 'jest' or 'mocha' to the types field in your tsconfig.

[7m194[0m     it('should allow unlimited access when value is -1', async () => {
[7m   [0m [91m    ~~[0m

[96msrc/entitlement/__tests__/entitlement.service.spec.ts[0m:[93m217[0m:[93m7[0m - [91merror[0m[90m TS2304: [0mCannot find name 'expect'.

[7m217[0m       expect(result.allowed).toBe(true);
[7m   [0m [91m      ~~~~~~[0m

[96msrc/entitlement/__tests__/entitlement.service.spec.ts[0m:[93m218[0m:[93m7[0m - [91merror[0m[90m TS2304: [0mCannot find name 'expect'.

[7m218[0m       expect(result.limit).toBe(-1);
[7m   [0m [91m      ~~~~~~[0m

[96msrc/entitlement/__tests__/entitlement.service.spec.ts[0m:[93m219[0m:[93m7[0m - [91merror[0m[90m TS2304: [0mCannot find name 'expect'.

[7m219[0m       expect(result.message).toBe('Unlimited');
[7m   [0m [91m      ~~~~~~[0m

[96msrc/entitlement/__tests__/entitlement.service.spec.ts[0m:[93m222[0m:[93m5[0m - [91merror[0m[90m TS2593: [0mCannot find name 'it'. Do you need to install type definitions for a test runner? Try `npm i --save-dev @types/jest` or `npm i --save-dev @types/mocha` and then add 'jest' or 'mocha' to the types field in your tsconfig.

[7m222[0m     it('should increment usage when incrementUsage is true', async () => {
[7m   [0m [91m    ~~[0m

[96msrc/entitlement/__tests__/entitlement.service.spec.ts[0m:[93m259[0m:[93m7[0m - [91merror[0m[90m TS2304: [0mCannot find name 'expect'.

[7m259[0m       expect(result.allowed).toBe(true);
[7m   [0m [91m      ~~~~~~[0m

[96msrc/entitlement/__tests__/entitlement.service.spec.ts[0m:[93m260[0m:[93m7[0m - [91merror[0m[90m TS2304: [0mCannot find name 'expect'.

[7m260[0m       expect(mockUsageModel.findOneAndUpdate).toHaveBeenCalled();
[7m   [0m [91m      ~~~~~~[0m

[96msrc/entitlement/__tests__/entitlement.service.spec.ts[0m:[93m264[0m:[93m3[0m - [91merror[0m[90m TS2593: [0mCannot find name 'describe'. Do you need to install type definitions for a test runner? Try `npm i --save-dev @types/jest` or `npm i --save-dev @types/mocha` and then add 'jest' or 'mocha' to the types field in your tsconfig.

[7m264[0m   describe('checkEntitlement - Tier Features', () => {
[7m   [0m [91m  ~~~~~~~~[0m

[96msrc/entitlement/__tests__/entitlement.service.spec.ts[0m:[93m265[0m:[93m5[0m - [91merror[0m[90m TS2593: [0mCannot find name 'it'. Do you need to install type definitions for a test runner? Try `npm i --save-dev @types/jest` or `npm i --save-dev @types/mocha` and then add 'jest' or 'mocha' to the types field in your tsconfig.

[7m265[0m     it('should allow access when tier matches', async () => {
[7m   [0m [91m    ~~[0m

[96msrc/entitlement/__tests__/entitlement.service.spec.ts[0m:[93m289[0m:[93m7[0m - [91merror[0m[90m TS2304: [0mCannot find name 'expect'.

[7m289[0m       expect(result.allowed).toBe(true);
[7m   [0m [91m      ~~~~~~[0m

[96msrc/entitlement/__tests__/entitlement.service.spec.ts[0m:[93m290[0m:[93m7[0m - [91merror[0m[90m TS2304: [0mCannot find name 'expect'.

[7m290[0m       expect(result.currentValue).toBe('human');
[7m   [0m [91m      ~~~~~~[0m

[96msrc/entitlement/__tests__/entitlement.service.spec.ts[0m:[93m293[0m:[93m5[0m - [91merror[0m[90m TS2593: [0mCannot find name 'it'. Do you need to install type definitions for a test runner? Try `npm i --save-dev @types/jest` or `npm i --save-dev @types/mocha` and then add 'jest' or 'mocha' to the types field in your tsconfig.

[7m293[0m     it('should deny access when tier is lower than required', async () => {
[7m   [0m [91m    ~~[0m

[96msrc/entitlement/__tests__/entitlement.service.spec.ts[0m:[93m317[0m:[93m7[0m - [91merror[0m[90m TS2304: [0mCannot find name 'expect'.

[7m317[0m       expect(result.allowed).toBe(false);
[7m   [0m [91m      ~~~~~~[0m

[96msrc/entitlement/__tests__/entitlement.service.spec.ts[0m:[93m318[0m:[93m7[0m - [91merror[0m[90m TS2304: [0mCannot find name 'expect'.

[7m318[0m       expect(result.message).toContain('requires "human" tier');
[7m   [0m [91m      ~~~~~~[0m

[96msrc/entitlement/__tests__/entitlement.service.spec.ts[0m:[93m322[0m:[93m3[0m - [91merror[0m[90m TS2593: [0mCannot find name 'describe'. Do you need to install type definitions for a test runner? Try `npm i --save-dev @types/jest` or `npm i --save-dev @types/mocha` and then add 'jest' or 'mocha' to the types field in your tsconfig.

[7m322[0m   describe('checkEntitlement - Edge Cases', () => {
[7m   [0m [91m  ~~~~~~~~[0m

[96msrc/entitlement/__tests__/entitlement.service.spec.ts[0m:[93m323[0m:[93m5[0m - [91merror[0m[90m TS2593: [0mCannot find name 'it'. Do you need to install type definitions for a test runner? Try `npm i --save-dev @types/jest` or `npm i --save-dev @types/mocha` and then add 'jest' or 'mocha' to the types field in your tsconfig.

[7m323[0m     it('should deny access when user not found', async () => {
[7m   [0m [91m    ~~[0m

[96msrc/entitlement/__tests__/entitlement.service.spec.ts[0m:[93m330[0m:[93m7[0m - [91merror[0m[90m TS2304: [0mCannot find name 'expect'.

[7m330[0m       expect(result.allowed).toBe(false);
[7m   [0m [91m      ~~~~~~[0m

[96msrc/entitlement/__tests__/entitlement.service.spec.ts[0m:[93m331[0m:[93m7[0m - [91merror[0m[90m TS2304: [0mCannot find name 'expect'.

[7m331[0m       expect(result.message).toBe('User not found');
[7m   [0m [91m      ~~~~~~[0m

[96msrc/entitlement/__tests__/entitlement.service.spec.ts[0m:[93m334[0m:[93m5[0m - [91merror[0m[90m TS2593: [0mCannot find name 'it'. Do you need to install type definitions for a test runner? Try `npm i --save-dev @types/jest` or `npm i --save-dev @types/mocha` and then add 'jest' or 'mocha' to the types field in your tsconfig.

[7m334[0m     it('should deny access when plan not found', async () => {
[7m   [0m [91m    ~~[0m

[96msrc/entitlement/__tests__/entitlement.service.spec.ts[0m:[93m346[0m:[93m7[0m - [91merror[0m[90m TS2304: [0mCannot find name 'expect'.

[7m346[0m       expect(result.allowed).toBe(false);
[7m   [0m [91m      ~~~~~~[0m

[96msrc/entitlement/__tests__/entitlement.service.spec.ts[0m:[93m347[0m:[93m7[0m - [91merror[0m[90m TS2304: [0mCannot find name 'expect'.

[7m347[0m       expect(result.message).toBe('Plan not found');
[7m   [0m [91m      ~~~~~~[0m

[96msrc/entitlement/__tests__/entitlement.service.spec.ts[0m:[93m350[0m:[93m5[0m - [91merror[0m[90m TS2593: [0mCannot find name 'it'. Do you need to install type definitions for a test runner? Try `npm i --save-dev @types/jest` or `npm i --save-dev @types/mocha` and then add 'jest' or 'mocha' to the types field in your tsconfig.

[7m350[0m     it('should deny access when feature not defined for plan', async () => {
[7m   [0m [91m    ~~[0m

[96msrc/entitlement/__tests__/entitlement.service.spec.ts[0m:[93m368[0m:[93m7[0m - [91merror[0m[90m TS2304: [0mCannot find name 'expect'.

[7m368[0m       expect(result.allowed).toBe(false);
[7m   [0m [91m      ~~~~~~[0m

[96msrc/entitlement/__tests__/entitlement.service.spec.ts[0m:[93m369[0m:[93m7[0m - [91merror[0m[90m TS2304: [0mCannot find name 'expect'.

[7m369[0m       expect(result.message).toContain('not available');
[7m   [0m [91m      ~~~~~~[0m

[96msrc/schemas/index.ts[0m:[93m2[0m:[93m1[0m - [91merror[0m[90m TS2308: [0mModule './user.schema' has already exported a member named 'PlanType'. Consider explicitly re-exporting to resolve the ambiguity.

[7m2[0m export * from './subscription-plan.schema';
[7m [0m [91m~~~~~~~~~~~~~~~~~~~~~~~~~~~~~~~~~~~~~~~~~~~[0m

[96msrc/schemas/index.ts[0m:[93m4[0m:[93m1[0m - [91merror[0m[90m TS2308: [0mModule './user.schema' has already exported a member named 'SubscriptionStatus'. Consider explicitly re-exporting to resolve the ambiguity.

[7m4[0m export * from './user-subscription.schema';
[7m [0m [91m~~~~~~~~~~~~~~~~~~~~~~~~~~~~~~~~~~~~~~~~~~~[0m

[96msrc/schemas/user.schema.ts[0m:[93m17[0m:[93m11[0m - [91merror[0m[90m TS2339: [0mProperty 'id' does not exist on type 'Required<{ _id: unknown; }> & { __v: number; }'.

[7m17[0m       ret.id = ret._id;
[7m  [0m [91m          ~~[0m

[96msrc/schemas/user.schema.ts[0m:[93m20[0m:[93m18[0m - [91merror[0m[90m TS2339: [0mProperty 'password' does not exist on type 'Required<{ _id: unknown; }> & { __v: number; }'.

[7m20[0m       delete ret.password;
[7m  [0m [91m                 ~~~~~~~~[0m

[[90m3:26:31 p.m.[0m] Found 156 errors. Watching for file changes.

[2J[3J[H[[90m3:29:10 p.m.[0m] File change detected. Starting incremental compilation...

[96msrc/applications/agent-assignment.service.ts[0m:[93m46[0m:[93m30[0m - [91merror[0m[90m TS2339: [0mProperty 'package' does not exist on type 'Document<unknown, {}, Document<unknown, {}, User, {}, {}> & User & { _id: ObjectId; } & { __v: number; }, {}, {}> & Document<unknown, {}, User, {}, {}> & User & { ...; } & { ...; } & Required<...>'.

[7m46[0m     const packageType = user.package || 'free';
[7m  [0m [91m                             ~~~~~~~[0m

[96msrc/applications/agent-assignment.service.ts[0m:[93m161[0m:[93m30[0m - [91merror[0m[90m TS2339: [0mProperty 'package' does not exist on type 'Document<unknown, {}, Document<unknown, {}, User, {}, {}> & User & { _id: ObjectId; } & { __v: number; }, {}, {}> & Document<unknown, {}, User, {}, {}> & User & { ...; } & { ...; } & Required<...>'.

[7m161[0m     const packageType = user.package || 'free';
[7m   [0m [91m                             ~~~~~~~[0m

[96msrc/billing/__tests__/billing.service.spec.ts[0m:[93m8[0m:[93m1[0m - [91merror[0m[90m TS2593: [0mCannot find name 'describe'. Do you need to install type definitions for a test runner? Try `npm i --save-dev @types/jest` or `npm i --save-dev @types/mocha` and then add 'jest' or 'mocha' to the types field in your tsconfig.

[7m8[0m describe('BillingService', () => {
[7m [0m [91m~~~~~~~~[0m

[96msrc/billing/__tests__/billing.service.spec.ts[0m:[93m14[0m:[93m15[0m - [91merror[0m[90m TS2304: [0mCannot find name 'jest'.

[7m14[0m     findById: jest.fn(),
[7m  [0m [91m              ~~~~[0m

[96msrc/billing/__tests__/billing.service.spec.ts[0m:[93m15[0m:[93m24[0m - [91merror[0m[90m TS2304: [0mCannot find name 'jest'.

[7m15[0m     findByIdAndUpdate: jest.fn(),
[7m  [0m [91m                       ~~~~[0m

[96msrc/billing/__tests__/billing.service.spec.ts[0m:[93m16[0m:[93m14[0m - [91merror[0m[90m TS2304: [0mCannot find name 'jest'.

[7m16[0m     findOne: jest.fn(),
[7m  [0m [91m             ~~~~[0m

[96msrc/billing/__tests__/billing.service.spec.ts[0m:[93m20[0m:[93m11[0m - [91merror[0m[90m TS2304: [0mCannot find name 'jest'.

[7m20[0m     find: jest.fn(),
[7m  [0m [91m          ~~~~[0m

[96msrc/billing/__tests__/billing.service.spec.ts[0m:[93m21[0m:[93m15[0m - [91merror[0m[90m TS2304: [0mCannot find name 'jest'.

[7m21[0m     findById: jest.fn(),
[7m  [0m [91m              ~~~~[0m

[96msrc/billing/__tests__/billing.service.spec.ts[0m:[93m22[0m:[93m14[0m - [91merror[0m[90m TS2304: [0mCannot find name 'jest'.

[7m22[0m     findOne: jest.fn(),
[7m  [0m [91m             ~~~~[0m

[96msrc/billing/__tests__/billing.service.spec.ts[0m:[93m26[0m:[93m14[0m - [91merror[0m[90m TS2304: [0mCannot find name 'jest'.

[7m26[0m     findOne: jest.fn(),
[7m  [0m [91m             ~~~~[0m

[96msrc/billing/__tests__/billing.service.spec.ts[0m:[93m27[0m:[93m24[0m - [91merror[0m[90m TS2304: [0mCannot find name 'jest'.

[7m27[0m     findByIdAndUpdate: jest.fn(),
[7m  [0m [91m                       ~~~~[0m

[96msrc/billing/__tests__/billing.service.spec.ts[0m:[93m28[0m:[93m13[0m - [91merror[0m[90m TS2304: [0mCannot find name 'jest'.

[7m28[0m     create: jest.fn(),
[7m  [0m [91m            ~~~~[0m

[96msrc/billing/__tests__/billing.service.spec.ts[0m:[93m29[0m:[93m16[0m - [91merror[0m[90m TS2304: [0mCannot find name 'jest'.

[7m29[0m     updateOne: jest.fn(),
[7m  [0m [91m               ~~~~[0m

[96msrc/billing/__tests__/billing.service.spec.ts[0m:[93m33[0m:[93m14[0m - [91merror[0m[90m TS2304: [0mCannot find name 'jest'.

[7m33[0m     findOne: jest.fn(),
[7m  [0m [91m             ~~~~[0m

[96msrc/billing/__tests__/billing.service.spec.ts[0m:[93m34[0m:[93m23[0m - [91merror[0m[90m TS2304: [0mCannot find name 'jest'.

[7m34[0m     findOneAndUpdate: jest.fn(),
[7m  [0m [91m                      ~~~~[0m

[96msrc/billing/__tests__/billing.service.spec.ts[0m:[93m37[0m:[93m3[0m - [91merror[0m[90m TS2304: [0mCannot find name 'beforeEach'.

[7m37[0m   beforeEach(async () => {
[7m  [0m [91m  ~~~~~~~~~~[0m

[96msrc/billing/__tests__/billing.service.spec.ts[0m:[93m39[0m:[93m12[0m - [91merror[0m[90m TS2304: [0mCannot find name 'jest'.

[7m39[0m       get: jest.fn().mockImplementation((key: string, defaultValue?: any) => {
[7m  [0m [91m           ~~~~[0m

[96msrc/billing/__tests__/billing.service.spec.ts[0m:[93m50[0m:[93m19[0m - [91merror[0m[90m TS2304: [0mCannot find name 'jest'.

[7m50[0m       setContext: jest.fn(),
[7m  [0m [91m                  ~~~~[0m

[96msrc/billing/__tests__/billing.service.spec.ts[0m:[93m51[0m:[93m13[0m - [91merror[0m[90m TS2304: [0mCannot find name 'jest'.

[7m51[0m       info: jest.fn(),
[7m  [0m [91m            ~~~~[0m

[96msrc/billing/__tests__/billing.service.spec.ts[0m:[93m52[0m:[93m13[0m - [91merror[0m[90m TS2304: [0mCannot find name 'jest'.

[7m52[0m       warn: jest.fn(),
[7m  [0m [91m            ~~~~[0m

[96msrc/billing/__tests__/billing.service.spec.ts[0m:[93m53[0m:[93m14[0m - [91merror[0m[90m TS2304: [0mCannot find name 'jest'.

[7m53[0m       error: jest.fn(),
[7m  [0m [91m             ~~~~[0m

[96msrc/billing/__tests__/billing.service.spec.ts[0m:[93m54[0m:[93m14[0m - [91merror[0m[90m TS2304: [0mCannot find name 'jest'.

[7m54[0m       debug: jest.fn(),
[7m  [0m [91m             ~~~~[0m

[96msrc/billing/__tests__/billing.service.spec.ts[0m:[93m72[0m:[93m3[0m - [91merror[0m[90m TS2304: [0mCannot find name 'afterEach'.

[7m72[0m   afterEach(() => {
[7m  [0m [91m  ~~~~~~~~~[0m

[96msrc/billing/__tests__/billing.service.spec.ts[0m:[93m73[0m:[93m5[0m - [91merror[0m[90m TS2304: [0mCannot find name 'jest'.

[7m73[0m     jest.clearAllMocks();
[7m  [0m [91m    ~~~~[0m

[96msrc/billing/__tests__/billing.service.spec.ts[0m:[93m76[0m:[93m3[0m - [91merror[0m[90m TS2593: [0mCannot find name 'describe'. Do you need to install type definitions for a test runner? Try `npm i --save-dev @types/jest` or `npm i --save-dev @types/mocha` and then add 'jest' or 'mocha' to the types field in your tsconfig.

[7m76[0m   describe('handleStripeWebhook', () => {
[7m  [0m [91m  ~~~~~~~~[0m

[96msrc/billing/__tests__/billing.service.spec.ts[0m:[93m77[0m:[93m5[0m - [91merror[0m[90m TS2593: [0mCannot find name 'it'. Do you need to install type definitions for a test runner? Try `npm i --save-dev @types/jest` or `npm i --save-dev @types/mocha` and then add 'jest' or 'mocha' to the types field in your tsconfig.

[7m77[0m     it('should throw BadRequestException for invalid signature', async () => {
[7m  [0m [91m    ~~[0m

[96msrc/billing/__tests__/billing.service.spec.ts[0m:[93m81[0m:[93m13[0m - [91merror[0m[90m TS2304: [0mCannot find name 'expect'.

[7m81[0m       await expect(
[7m  [0m [91m            ~~~~~~[0m

[96msrc/billing/__tests__/billing.service.spec.ts[0m:[93m85[0m:[93m7[0m - [91merror[0m[90m TS2304: [0mCannot find name 'expect'.

[7m85[0m       expect(mockLogger.error).toHaveBeenCalledWith(
[7m  [0m [91m      ~~~~~~[0m

[96msrc/billing/__tests__/billing.service.spec.ts[0m:[93m86[0m:[93m9[0m - [91merror[0m[90m TS2304: [0mCannot find name 'expect'.

[7m86[0m         expect.objectContaining({ error: expect.any(String) }),
[7m  [0m [91m        ~~~~~~[0m

[96msrc/billing/__tests__/billing.service.spec.ts[0m:[93m86[0m:[93m42[0m - [91merror[0m[90m TS2304: [0mCannot find name 'expect'.

[7m86[0m         expect.objectContaining({ error: expect.any(String) }),
[7m  [0m [91m                                         ~~~~~~[0m

[96msrc/billing/__tests__/billing.service.spec.ts[0m:[93m91[0m:[93m5[0m - [91merror[0m[90m TS2593: [0mCannot find name 'it'. Do you need to install type definitions for a test runner? Try `npm i --save-dev @types/jest` or `npm i --save-dev @types/mocha` and then add 'jest' or 'mocha' to the types field in your tsconfig.

[7m91[0m     it('should validate webhook signature format', async () => {
[7m  [0m [91m    ~~[0m

[96msrc/billing/__tests__/billing.service.spec.ts[0m:[93m95[0m:[93m13[0m - [91merror[0m[90m TS2304: [0mCannot find name 'expect'.

[7m95[0m       await expect(
[7m  [0m [91m            ~~~~~~[0m

[96msrc/billing/__tests__/billing.service.spec.ts[0m:[93m104[0m:[93m3[0m - [91merror[0m[90m TS2593: [0mCannot find name 'describe'. Do you need to install type definitions for a test runner? Try `npm i --save-dev @types/jest` or `npm i --save-dev @types/mocha` and then add 'jest' or 'mocha' to the types field in your tsconfig.

[7m104[0m   describe('getPlans', () => {
[7m   [0m [91m  ~~~~~~~~[0m

[96msrc/billing/__tests__/billing.service.spec.ts[0m:[93m105[0m:[93m5[0m - [91merror[0m[90m TS2593: [0mCannot find name 'it'. Do you need to install type definitions for a test runner? Try `npm i --save-dev @types/jest` or `npm i --save-dev @types/mocha` and then add 'jest' or 'mocha' to the types field in your tsconfig.

[7m105[0m     it('should return active plans sorted by order', async () => {
[7m   [0m [91m    ~~[0m

[96msrc/billing/__tests__/billing.service.spec.ts[0m:[93m112[0m:[93m15[0m - [91merror[0m[90m TS2304: [0mCannot find name 'jest'.

[7m112[0m         sort: jest.fn().mockResolvedValue(mockPlans),
[7m   [0m [91m              ~~~~[0m

[96msrc/billing/__tests__/billing.service.spec.ts[0m:[93m117[0m:[93m7[0m - [91merror[0m[90m TS2304: [0mCannot find name 'expect'.

[7m117[0m       expect(mockPlanModel.find).toHaveBeenCalledWith({ isActive: true });
[7m   [0m [91m      ~~~~~~[0m

[96msrc/billing/__tests__/billing.service.spec.ts[0m:[93m118[0m:[93m7[0m - [91merror[0m[90m TS2304: [0mCannot find name 'expect'.

[7m118[0m       expect(result).toEqual(mockPlans);
[7m   [0m [91m      ~~~~~~[0m

[96msrc/billing/__tests__/billing.service.spec.ts[0m:[93m122[0m:[93m3[0m - [91merror[0m[90m TS2593: [0mCannot find name 'describe'. Do you need to install type definitions for a test runner? Try `npm i --save-dev @types/jest` or `npm i --save-dev @types/mocha` and then add 'jest' or 'mocha' to the types field in your tsconfig.

[7m122[0m   describe('recordUsage', () => {
[7m   [0m [91m  ~~~~~~~~[0m

[96msrc/billing/__tests__/billing.service.spec.ts[0m:[93m123[0m:[93m5[0m - [91merror[0m[90m TS2593: [0mCannot find name 'it'. Do you need to install type definitions for a test runner? Try `npm i --save-dev @types/jest` or `npm i --save-dev @types/mocha` and then add 'jest' or 'mocha' to the types field in your tsconfig.

[7m123[0m     it('should increment usage for a feature', async () => {
[7m   [0m [91m    ~~[0m

[96msrc/billing/__tests__/billing.service.spec.ts[0m:[93m140[0m:[93m7[0m - [91merror[0m[90m TS2304: [0mCannot find name 'expect'.

[7m140[0m       expect(mockUsageModel.findOneAndUpdate).toHaveBeenCalled();
[7m   [0m [91m      ~~~~~~[0m

[96msrc/billing/__tests__/billing.service.spec.ts[0m:[93m141[0m:[93m7[0m - [91merror[0m[90m TS2304: [0mCannot find name 'expect'.

[7m141[0m       expect(result.count).toBe(5);
[7m   [0m [91m      ~~~~~~[0m

[96msrc/billing/__tests__/billing.service.spec.ts[0m:[93m145[0m:[93m3[0m - [91merror[0m[90m TS2593: [0mCannot find name 'describe'. Do you need to install type definitions for a test runner? Try `npm i --save-dev @types/jest` or `npm i --save-dev @types/mocha` and then add 'jest' or 'mocha' to the types field in your tsconfig.

[7m145[0m   describe('getUsage', () => {
[7m   [0m [91m  ~~~~~~~~[0m

[96msrc/billing/__tests__/billing.service.spec.ts[0m:[93m146[0m:[93m5[0m - [91merror[0m[90m TS2593: [0mCannot find name 'it'. Do you need to install type definitions for a test runner? Try `npm i --save-dev @types/jest` or `npm i --save-dev @types/mocha` and then add 'jest' or 'mocha' to the types field in your tsconfig.

[7m146[0m     it('should return current usage for a feature', async () => {
[7m   [0m [91m    ~~[0m

[96msrc/billing/__tests__/billing.service.spec.ts[0m:[93m161[0m:[93m7[0m - [91merror[0m[90m TS2304: [0mCannot find name 'expect'.

[7m161[0m       expect(result).toBe(42);
[7m   [0m [91m      ~~~~~~[0m

[96msrc/billing/__tests__/billing.service.spec.ts[0m:[93m164[0m:[93m5[0m - [91merror[0m[90m TS2593: [0mCannot find name 'it'. Do you need to install type definitions for a test runner? Try `npm i --save-dev @types/jest` or `npm i --save-dev @types/mocha` and then add 'jest' or 'mocha' to the types field in your tsconfig.

[7m164[0m     it('should return 0 if no usage record exists', async () => {
[7m   [0m [91m    ~~[0m

[96msrc/billing/__tests__/billing.service.spec.ts[0m:[93m173[0m:[93m7[0m - [91merror[0m[90m TS2304: [0mCannot find name 'expect'.

[7m173[0m       expect(result).toBe(0);
[7m   [0m [91m      ~~~~~~[0m

[96msrc/billing/billing.service.ts[0m:[93m37[0m:[93m7[0m - [91merror[0m[90m TS2322: [0mType '"2024-12-18.acacia"' is not assignable to type '"2023-10-16"'.

[7m37[0m       apiVersion: '2024-12-18.acacia',
[7m  [0m [91m      ~~~~~~~~~~[0m

  [96mnode_modules/stripe/types/lib.d.ts[0m:[93m47[0m:[93m7[0m
    [7m47[0m       apiVersion?: LatestApiVersion;
    [7m  [0m [96m      ~~~~~~~~~~[0m
    The expected type comes from property 'apiVersion' which is declared here on type 'StripeConfig'

[96msrc/billing/billing.service.ts[0m:[93m81[0m:[93m17[0m - [91merror[0m[90m TS2339: [0mProperty 'info' does not exist on type 'Logger'.

[7m81[0m     this.logger.info({ userId: user._id, customerId: customer.id }, 'Stripe customer created');
[7m  [0m [91m                ~~~~[0m

[96msrc/billing/billing.service.ts[0m:[93m133[0m:[93m17[0m - [91merror[0m[90m TS2339: [0mProperty 'info' does not exist on type 'Logger'.

[7m133[0m     this.logger.info(
[7m   [0m [91m                ~~~~[0m

[96msrc/billing/billing.service.ts[0m:[93m178[0m:[93m19[0m - [91merror[0m[90m TS2339: [0mProperty 'info' does not exist on type 'Logger'.

[7m178[0m       this.logger.info(
[7m   [0m [91m                  ~~~~[0m

[96msrc/billing/billing.service.ts[0m:[93m194[0m:[93m19[0m - [91merror[0m[90m TS2339: [0mProperty 'info' does not exist on type 'Logger'.

[7m194[0m       this.logger.info(
[7m   [0m [91m                  ~~~~[0m

[96msrc/billing/billing.service.ts[0m:[93m221[0m:[93m17[0m - [91merror[0m[90m TS2339: [0mProperty 'info' does not exist on type 'Logger'.

[7m221[0m     this.logger.info(
[7m   [0m [91m                ~~~~[0m

[96msrc/billing/billing.service.ts[0m:[93m241[0m:[93m17[0m - [91merror[0m[90m TS2339: [0mProperty 'info' does not exist on type 'Logger'.

[7m241[0m     this.logger.info({ userId }, 'User downgraded to free plan');
[7m   [0m [91m                ~~~~[0m

[96msrc/billing/billing.service.ts[0m:[93m261[0m:[93m17[0m - [91merror[0m[90m TS2339: [0mProperty 'info' does not exist on type 'Logger'.

[7m261[0m     this.logger.info({ eventType: event.type, eventId: event.id }, 'Processing Stripe webhook');
[7m   [0m [91m                ~~~~[0m

[96msrc/billing/billing.service.ts[0m:[93m303[0m:[93m17[0m - [91merror[0m[90m TS2339: [0mProperty 'info' does not exist on type 'Logger'.

[7m303[0m     this.logger.info(
[7m   [0m [91m                ~~~~[0m

[96msrc/billing/billing.service.ts[0m:[93m370[0m:[93m17[0m - [91merror[0m[90m TS2339: [0mProperty 'info' does not exist on type 'Logger'.

[7m370[0m     this.logger.info(
[7m   [0m [91m                ~~~~[0m

[96msrc/billing/billing.service.ts[0m:[93m394[0m:[93m17[0m - [91merror[0m[90m TS2339: [0mProperty 'info' does not exist on type 'Logger'.

[7m394[0m     this.logger.info({ userId, subscriptionId: subscription.id }, 'Subscription deleted');
[7m   [0m [91m                ~~~~[0m

[96msrc/billing/billing.service.ts[0m:[93m402[0m:[93m19[0m - [91merror[0m[90m TS2339: [0mProperty 'info' does not exist on type 'Logger'.

[7m402[0m       this.logger.info({ userId: user._id, invoiceId: invoice.id }, 'Payment succeeded');
[7m   [0m [91m                  ~~~~[0m

[96msrc/billing/billing.service.ts[0m:[93m480[0m:[93m17[0m - [91merror[0m[90m TS2339: [0mProperty 'info' does not exist on type 'Logger'.

[7m480[0m     this.logger.info({ userId, periodStart, periodEnd }, 'Usage reset for new period');
[7m   [0m [91m                ~~~~[0m

[96msrc/common/decorators/roles.decorator.ts[0m:[93m2[0m:[93m26[0m - [91merror[0m[90m TS2307: [0mCannot find module '@jobocate/contracts' or its corresponding type declarations.

[7m2[0m import { UserRole } from '@jobocate/contracts';
[7m [0m [91m                         ~~~~~~~~~~~~~~~~~~~~~[0m

[96msrc/entitlement/__tests__/entitlement.guard.spec.ts[0m:[93m6[0m:[93m29[0m - [91merror[0m[90m TS2307: [0mCannot find module '@jobocate/contracts' or its corresponding type declarations.

[7m6[0m import { FeatureKeys } from '@jobocate/contracts';
[7m [0m [91m                            ~~~~~~~~~~~~~~~~~~~~~[0m

[96msrc/entitlement/__tests__/entitlement.guard.spec.ts[0m:[93m8[0m:[93m1[0m - [91merror[0m[90m TS2593: [0mCannot find name 'describe'. Do you need to install type definitions for a test runner? Try `npm i --save-dev @types/jest` or `npm i --save-dev @types/mocha` and then add 'jest' or 'mocha' to the types field in your tsconfig.

[7m8[0m describe('EntitlementGuard', () => {
[7m [0m [91m~~~~~~~~[0m

[96msrc/entitlement/__tests__/entitlement.guard.spec.ts[0m:[93m14[0m:[93m23[0m - [91merror[0m[90m TS2304: [0mCannot find name 'jest'.

[7m14[0m     checkEntitlement: jest.fn(),
[7m  [0m [91m                      ~~~~[0m

[96msrc/entitlement/__tests__/entitlement.guard.spec.ts[0m:[93m30[0m:[93m3[0m - [91merror[0m[90m TS2304: [0mCannot find name 'beforeEach'.

[7m30[0m   beforeEach(async () => {
[7m  [0m [91m  ~~~~~~~~~~[0m

[96msrc/entitlement/__tests__/entitlement.guard.spec.ts[0m:[93m44[0m:[93m3[0m - [91merror[0m[90m TS2304: [0mCannot find name 'afterEach'.

[7m44[0m   afterEach(() => {
[7m  [0m [91m  ~~~~~~~~~[0m

[96msrc/entitlement/__tests__/entitlement.guard.spec.ts[0m:[93m45[0m:[93m5[0m - [91merror[0m[90m TS2304: [0mCannot find name 'jest'.

[7m45[0m     jest.clearAllMocks();
[7m  [0m [91m    ~~~~[0m

[96msrc/entitlement/__tests__/entitlement.guard.spec.ts[0m:[93m48[0m:[93m3[0m - [91merror[0m[90m TS2593: [0mCannot find name 'describe'. Do you need to install type definitions for a test runner? Try `npm i --save-dev @types/jest` or `npm i --save-dev @types/mocha` and then add 'jest' or 'mocha' to the types field in your tsconfig.

[7m48[0m   describe('canActivate', () => {
[7m  [0m [91m  ~~~~~~~~[0m

[96msrc/entitlement/__tests__/entitlement.guard.spec.ts[0m:[93m49[0m:[93m5[0m - [91merror[0m[90m TS2593: [0mCannot find name 'it'. Do you need to install type definitions for a test runner? Try `npm i --save-dev @types/jest` or `npm i --save-dev @types/mocha` and then add 'jest' or 'mocha' to the types field in your tsconfig.

[7m49[0m     it('should allow access when no entitlement metadata is set', async () => {
[7m  [0m [91m    ~~[0m

[96msrc/entitlement/__tests__/entitlement.guard.spec.ts[0m:[93m50[0m:[93m7[0m - [91merror[0m[90m TS2304: [0mCannot find name 'jest'.

[7m50[0m       jest.spyOn(reflector, 'getAllAndOverride').mockReturnValue(undefined);
[7m  [0m [91m      ~~~~[0m

[96msrc/entitlement/__tests__/entitlement.guard.spec.ts[0m:[93m55[0m:[93m7[0m - [91merror[0m[90m TS2304: [0mCannot find name 'expect'.

[7m55[0m       expect(result).toBe(true);
[7m  [0m [91m      ~~~~~~[0m

[96msrc/entitlement/__tests__/entitlement.guard.spec.ts[0m:[93m56[0m:[93m7[0m - [91merror[0m[90m TS2304: [0mCannot find name 'expect'.

[7m56[0m       expect(mockEntitlementService.checkEntitlement).not.toHaveBeenCalled();
[7m  [0m [91m      ~~~~~~[0m

[96msrc/entitlement/__tests__/entitlement.guard.spec.ts[0m:[93m59[0m:[93m5[0m - [91merror[0m[90m TS2593: [0mCannot find name 'it'. Do you need to install type definitions for a test runner? Try `npm i --save-dev @types/jest` or `npm i --save-dev @types/mocha` and then add 'jest' or 'mocha' to the types field in your tsconfig.

[7m59[0m     it('should throw ForbiddenException when no user in request', async () => {
[7m  [0m [91m    ~~[0m

[96msrc/entitlement/__tests__/entitlement.guard.spec.ts[0m:[93m63[0m:[93m7[0m - [91merror[0m[90m TS2304: [0mCannot find name 'jest'.

[7m63[0m       jest.spyOn(reflector, 'getAllAndOverride').mockReturnValue(metadata);
[7m  [0m [91m      ~~~~[0m

[96msrc/entitlement/__tests__/entitlement.guard.spec.ts[0m:[93m67[0m:[93m13[0m - [91merror[0m[90m TS2304: [0mCannot find name 'expect'.

[7m67[0m       await expect(guard.canActivate(context)).rejects.toThrow(ForbiddenException);
[7m  [0m [91m            ~~~~~~[0m

[96msrc/entitlement/__tests__/entitlement.guard.spec.ts[0m:[93m68[0m:[93m13[0m - [91merror[0m[90m TS2304: [0mCannot find name 'expect'.

[7m68[0m       await expect(guard.canActivate(context)).rejects.toThrow('Authentication required');
[7m  [0m [91m            ~~~~~~[0m

[96msrc/entitlement/__tests__/entitlement.guard.spec.ts[0m:[93m71[0m:[93m5[0m - [91merror[0m[90m TS2593: [0mCannot find name 'it'. Do you need to install type definitions for a test runner? Try `npm i --save-dev @types/jest` or `npm i --save-dev @types/mocha` and then add 'jest' or 'mocha' to the types field in your tsconfig.

[7m71[0m     it('should allow access when entitlement check passes', async () => {
[7m  [0m [91m    ~~[0m

[96msrc/entitlement/__tests__/entitlement.guard.spec.ts[0m:[93m75[0m:[93m7[0m - [91merror[0m[90m TS2304: [0mCannot find name 'jest'.

[7m75[0m       jest.spyOn(reflector, 'getAllAndOverride').mockReturnValue(metadata);
[7m  [0m [91m      ~~~~[0m

[96msrc/entitlement/__tests__/entitlement.guard.spec.ts[0m:[93m87[0m:[93m7[0m - [91merror[0m[90m TS2304: [0mCannot find name 'expect'.

[7m87[0m       expect(result).toBe(true);
[7m  [0m [91m      ~~~~~~[0m

[96msrc/entitlement/__tests__/entitlement.guard.spec.ts[0m:[93m88[0m:[93m7[0m - [91merror[0m[90m TS2304: [0mCannot find name 'expect'.

[7m88[0m       expect(mockEntitlementService.checkEntitlement).toHaveBeenCalledWith(
[7m  [0m [91m      ~~~~~~[0m

[96msrc/entitlement/__tests__/entitlement.guard.spec.ts[0m:[93m98[0m:[93m5[0m - [91merror[0m[90m TS2593: [0mCannot find name 'it'. Do you need to install type definitions for a test runner? Try `npm i --save-dev @types/jest` or `npm i --save-dev @types/mocha` and then add 'jest' or 'mocha' to the types field in your tsconfig.

[7m98[0m     it('should throw ForbiddenException when entitlement check fails', async () => {
[7m  [0m [91m    ~~[0m

[96msrc/entitlement/__tests__/entitlement.guard.spec.ts[0m:[93m102[0m:[93m7[0m - [91merror[0m[90m TS2304: [0mCannot find name 'jest'.

[7m102[0m       jest.spyOn(reflector, 'getAllAndOverride').mockReturnValue(metadata);
[7m   [0m [91m      ~~~~[0m

[96msrc/entitlement/__tests__/entitlement.guard.spec.ts[0m:[93m113[0m:[93m13[0m - [91merror[0m[90m TS2304: [0mCannot find name 'expect'.

[7m113[0m       await expect(guard.canActivate(context)).rejects.toThrow(ForbiddenException);
[7m   [0m [91m            ~~~~~~[0m

[96msrc/entitlement/__tests__/entitlement.guard.spec.ts[0m:[93m114[0m:[93m13[0m - [91merror[0m[90m TS2304: [0mCannot find name 'expect'.

[7m114[0m       await expect(guard.canActivate(context)).rejects.toThrow(
[7m   [0m [91m            ~~~~~~[0m

[96msrc/entitlement/__tests__/entitlement.guard.spec.ts[0m:[93m119[0m:[93m5[0m - [91merror[0m[90m TS2593: [0mCannot find name 'it'. Do you need to install type definitions for a test runner? Try `npm i --save-dev @types/jest` or `npm i --save-dev @types/mocha` and then add 'jest' or 'mocha' to the types field in your tsconfig.

[7m119[0m     it('should pass incrementUsage option to service', async () => {
[7m   [0m [91m    ~~[0m

[96msrc/entitlement/__tests__/entitlement.guard.spec.ts[0m:[93m124[0m:[93m7[0m - [91merror[0m[90m TS2304: [0mCannot find name 'jest'.

[7m124[0m       jest.spyOn(reflector, 'getAllAndOverride').mockReturnValue(metadata);
[7m   [0m [91m      ~~~~[0m

[96msrc/entitlement/__tests__/entitlement.guard.spec.ts[0m:[93m138[0m:[93m7[0m - [91merror[0m[90m TS2304: [0mCannot find name 'expect'.

[7m138[0m       expect(mockEntitlementService.checkEntitlement).toHaveBeenCalledWith(
[7m   [0m [91m      ~~~~~~[0m

[96msrc/entitlement/__tests__/entitlement.guard.spec.ts[0m:[93m140[0m:[93m9[0m - [91merror[0m[90m TS2304: [0mCannot find name 'expect'.

[7m140[0m         expect.objectContaining({
[7m   [0m [91m        ~~~~~~[0m

[96msrc/entitlement/__tests__/entitlement.guard.spec.ts[0m:[93m146[0m:[93m5[0m - [91merror[0m[90m TS2593: [0mCannot find name 'it'. Do you need to install type definitions for a test runner? Try `npm i --save-dev @types/jest` or `npm i --save-dev @types/mocha` and then add 'jest' or 'mocha' to the types field in your tsconfig.

[7m146[0m     it('should pass requiredValue option for tier checks', async () => {
[7m   [0m [91m    ~~[0m

[96msrc/entitlement/__tests__/entitlement.guard.spec.ts[0m:[93m151[0m:[93m7[0m - [91merror[0m[90m TS2304: [0mCannot find name 'jest'.

[7m151[0m       jest.spyOn(reflector, 'getAllAndOverride').mockReturnValue(metadata);
[7m   [0m [91m      ~~~~[0m

[96msrc/entitlement/__tests__/entitlement.guard.spec.ts[0m:[93m163[0m:[93m7[0m - [91merror[0m[90m TS2304: [0mCannot find name 'expect'.

[7m163[0m       expect(mockEntitlementService.checkEntitlement).toHaveBeenCalledWith(
[7m   [0m [91m      ~~~~~~[0m

[96msrc/entitlement/__tests__/entitlement.guard.spec.ts[0m:[93m165[0m:[93m9[0m - [91merror[0m[90m TS2304: [0mCannot find name 'expect'.

[7m165[0m         expect.objectContaining({
[7m   [0m [91m        ~~~~~~[0m

[96msrc/entitlement/__tests__/entitlement.guard.spec.ts[0m:[93m171[0m:[93m5[0m - [91merror[0m[90m TS2593: [0mCannot find name 'it'. Do you need to install type definitions for a test runner? Try `npm i --save-dev @types/jest` or `npm i --save-dev @types/mocha` and then add 'jest' or 'mocha' to the types field in your tsconfig.

[7m171[0m     it('should attach entitlement result to request', async () => {
[7m   [0m [91m    ~~[0m

[96msrc/entitlement/__tests__/entitlement.guard.spec.ts[0m:[93m175[0m:[93m7[0m - [91merror[0m[90m TS2304: [0mCannot find name 'jest'.

[7m175[0m       jest.spyOn(reflector, 'getAllAndOverride').mockReturnValue(metadata);
[7m   [0m [91m      ~~~~[0m

[96msrc/entitlement/__tests__/entitlement.guard.spec.ts[0m:[93m199[0m:[93m7[0m - [91merror[0m[90m TS2304: [0mCannot find name 'expect'.

[7m199[0m       expect(request.entitlementCheck).toEqual(checkResult);
[7m   [0m [91m      ~~~~~~[0m

[96msrc/entitlement/__tests__/entitlement.service.spec.ts[0m:[93m6[0m:[93m29[0m - [91merror[0m[90m TS2307: [0mCannot find module '@jobocate/contracts' or its corresponding type declarations.

[7m6[0m import { FeatureKeys } from '@jobocate/contracts';
[7m [0m [91m                            ~~~~~~~~~~~~~~~~~~~~~[0m

[96msrc/entitlement/__tests__/entitlement.service.spec.ts[0m:[93m8[0m:[93m1[0m - [91merror[0m[90m TS2593: [0mCannot find name 'describe'. Do you need to install type definitions for a test runner? Try `npm i --save-dev @types/jest` or `npm i --save-dev @types/mocha` and then add 'jest' or 'mocha' to the types field in your tsconfig.

[7m8[0m describe('EntitlementService', () => {
[7m [0m [91m~~~~~~~~[0m

[96msrc/entitlement/__tests__/entitlement.service.spec.ts[0m:[93m13[0m:[93m15[0m - [91merror[0m[90m TS2304: [0mCannot find name 'jest'.

[7m13[0m     findById: jest.fn(),
[7m  [0m [91m              ~~~~[0m

[96msrc/entitlement/__tests__/entitlement.service.spec.ts[0m:[93m17[0m:[93m14[0m - [91merror[0m[90m TS2304: [0mCannot find name 'jest'.

[7m17[0m     findOne: jest.fn(),
[7m  [0m [91m             ~~~~[0m

[96msrc/entitlement/__tests__/entitlement.service.spec.ts[0m:[93m18[0m:[93m11[0m - [91merror[0m[90m TS2304: [0mCannot find name 'jest'.

[7m18[0m     find: jest.fn(),
[7m  [0m [91m          ~~~~[0m

[96msrc/entitlement/__tests__/entitlement.service.spec.ts[0m:[93m22[0m:[93m14[0m - [91merror[0m[90m TS2304: [0mCannot find name 'jest'.

[7m22[0m     findOne: jest.fn(),
[7m  [0m [91m             ~~~~[0m

[96msrc/entitlement/__tests__/entitlement.service.spec.ts[0m:[93m26[0m:[93m14[0m - [91merror[0m[90m TS2304: [0mCannot find name 'jest'.

[7m26[0m     findOne: jest.fn(),
[7m  [0m [91m             ~~~~[0m

[96msrc/entitlement/__tests__/entitlement.service.spec.ts[0m:[93m27[0m:[93m23[0m - [91merror[0m[90m TS2304: [0mCannot find name 'jest'.

[7m27[0m     findOneAndUpdate: jest.fn(),
[7m  [0m [91m                      ~~~~[0m

[96msrc/entitlement/__tests__/entitlement.service.spec.ts[0m:[93m31[0m:[93m14[0m - [91merror[0m[90m TS2304: [0mCannot find name 'jest'.

[7m31[0m     findOne: jest.fn(),
[7m  [0m [91m             ~~~~[0m

[96msrc/entitlement/__tests__/entitlement.service.spec.ts[0m:[93m37[0m:[93m3[0m - [91merror[0m[90m TS2304: [0mCannot find name 'beforeEach'.

[7m37[0m   beforeEach(async () => {
[7m  [0m [91m  ~~~~~~~~~~[0m

[96msrc/entitlement/__tests__/entitlement.service.spec.ts[0m:[93m39[0m:[93m19[0m - [91merror[0m[90m TS2304: [0mCannot find name 'jest'.

[7m39[0m       setContext: jest.fn(),
[7m  [0m [91m                  ~~~~[0m

[96msrc/entitlement/__tests__/entitlement.service.spec.ts[0m:[93m40[0m:[93m13[0m - [91merror[0m[90m TS2304: [0mCannot find name 'jest'.

[7m40[0m       info: jest.fn(),
[7m  [0m [91m            ~~~~[0m

[96msrc/entitlement/__tests__/entitlement.service.spec.ts[0m:[93m41[0m:[93m13[0m - [91merror[0m[90m TS2304: [0mCannot find name 'jest'.

[7m41[0m       warn: jest.fn(),
[7m  [0m [91m            ~~~~[0m

[96msrc/entitlement/__tests__/entitlement.service.spec.ts[0m:[93m42[0m:[93m14[0m - [91merror[0m[90m TS2304: [0mCannot find name 'jest'.

[7m42[0m       error: jest.fn(),
[7m  [0m [91m             ~~~~[0m

[96msrc/entitlement/__tests__/entitlement.service.spec.ts[0m:[93m43[0m:[93m14[0m - [91merror[0m[90m TS2304: [0mCannot find name 'jest'.

[7m43[0m       debug: jest.fn(),
[7m  [0m [91m             ~~~~[0m

[96msrc/entitlement/__tests__/entitlement.service.spec.ts[0m:[93m61[0m:[93m3[0m - [91merror[0m[90m TS2304: [0mCannot find name 'afterEach'.

[7m61[0m   afterEach(() => {
[7m  [0m [91m  ~~~~~~~~~[0m

[96msrc/entitlement/__tests__/entitlement.service.spec.ts[0m:[93m62[0m:[93m5[0m - [91merror[0m[90m TS2304: [0mCannot find name 'jest'.

[7m62[0m     jest.clearAllMocks();
[7m  [0m [91m    ~~~~[0m

[96msrc/entitlement/__tests__/entitlement.service.spec.ts[0m:[93m65[0m:[93m3[0m - [91merror[0m[90m TS2593: [0mCannot find name 'describe'. Do you need to install type definitions for a test runner? Try `npm i --save-dev @types/jest` or `npm i --save-dev @types/mocha` and then add 'jest' or 'mocha' to the types field in your tsconfig.

[7m65[0m   describe('checkEntitlement - Boolean Features', () => {
[7m  [0m [91m  ~~~~~~~~[0m

[96msrc/entitlement/__tests__/entitlement.service.spec.ts[0m:[93m66[0m:[93m5[0m - [91merror[0m[90m TS2593: [0mCannot find name 'it'. Do you need to install type definitions for a test runner? Try `npm i --save-dev @types/jest` or `npm i --save-dev @types/mocha` and then add 'jest' or 'mocha' to the types field in your tsconfig.

[7m66[0m     it('should allow access when boolean entitlement is true', async () => {
[7m  [0m [91m    ~~[0m

[96msrc/entitlement/__tests__/entitlement.service.spec.ts[0m:[93m89[0m:[93m7[0m - [91merror[0m[90m TS2304: [0mCannot find name 'expect'.

[7m89[0m       expect(result.allowed).toBe(true);
[7m  [0m [91m      ~~~~~~[0m

[96msrc/entitlement/__tests__/entitlement.service.spec.ts[0m:[93m90[0m:[93m7[0m - [91merror[0m[90m TS2304: [0mCannot find name 'expect'.

[7m90[0m       expect(result.currentValue).toBe(true);
[7m  [0m [91m      ~~~~~~[0m

[96msrc/entitlement/__tests__/entitlement.service.spec.ts[0m:[93m93[0m:[93m5[0m - [91merror[0m[90m TS2593: [0mCannot find name 'it'. Do you need to install type definitions for a test runner? Try `npm i --save-dev @types/jest` or `npm i --save-dev @types/mocha` and then add 'jest' or 'mocha' to the types field in your tsconfig.

[7m93[0m     it('should deny access when boolean entitlement is false', async () => {
[7m  [0m [91m    ~~[0m

[96msrc/entitlement/__tests__/entitlement.service.spec.ts[0m:[93m116[0m:[93m7[0m - [91merror[0m[90m TS2304: [0mCannot find name 'expect'.

[7m116[0m       expect(result.allowed).toBe(false);
[7m   [0m [91m      ~~~~~~[0m

[96msrc/entitlement/__tests__/entitlement.service.spec.ts[0m:[93m117[0m:[93m7[0m - [91merror[0m[90m TS2304: [0mCannot find name 'expect'.

[7m117[0m       expect(result.message).toContain('requires upgrade');
[7m   [0m [91m      ~~~~~~[0m

[96msrc/entitlement/__tests__/entitlement.service.spec.ts[0m:[93m121[0m:[93m3[0m - [91merror[0m[90m TS2593: [0mCannot find name 'describe'. Do you need to install type definitions for a test runner? Try `npm i --save-dev @types/jest` or `npm i --save-dev @types/mocha` and then add 'jest' or 'mocha' to the types field in your tsconfig.

[7m121[0m   describe('checkEntitlement - Limit Features', () => {
[7m   [0m [91m  ~~~~~~~~[0m

[96msrc/entitlement/__tests__/entitlement.service.spec.ts[0m:[93m122[0m:[93m5[0m - [91merror[0m[90m TS2593: [0mCannot find name 'it'. Do you need to install type definitions for a test runner? Try `npm i --save-dev @types/jest` or `npm i --save-dev @types/mocha` and then add 'jest' or 'mocha' to the types field in your tsconfig.

[7m122[0m     it('should allow access when under limit', async () => {
[7m   [0m [91m    ~~[0m

[96msrc/entitlement/__tests__/entitlement.service.spec.ts[0m:[93m154[0m:[93m7[0m - [91merror[0m[90m TS2304: [0mCannot find name 'expect'.

[7m154[0m       expect(result.allowed).toBe(true);
[7m   [0m [91m      ~~~~~~[0m

[96msrc/entitlement/__tests__/entitlement.service.spec.ts[0m:[93m155[0m:[93m7[0m - [91merror[0m[90m TS2304: [0mCannot find name 'expect'.

[7m155[0m       expect(result.limit).toBe(50);
[7m   [0m [91m      ~~~~~~[0m

[96msrc/entitlement/__tests__/entitlement.service.spec.ts[0m:[93m156[0m:[93m7[0m - [91merror[0m[90m TS2304: [0mCannot find name 'expect'.

[7m156[0m       expect(result.usage).toBe(10);
[7m   [0m [91m      ~~~~~~[0m

[96msrc/entitlement/__tests__/entitlement.service.spec.ts[0m:[93m157[0m:[93m7[0m - [91merror[0m[90m TS2304: [0mCannot find name 'expect'.

[7m157[0m       expect(result.remaining).toBe(40);
[7m   [0m [91m      ~~~~~~[0m

[96msrc/entitlement/__tests__/entitlement.service.spec.ts[0m:[93m160[0m:[93m5[0m - [91merror[0m[90m TS2593: [0mCannot find name 'it'. Do you need to install type definitions for a test runner? Try `npm i --save-dev @types/jest` or `npm i --save-dev @types/mocha` and then add 'jest' or 'mocha' to the types field in your tsconfig.

[7m160[0m     it('should deny access when at limit', async () => {
[7m   [0m [91m    ~~[0m

[96msrc/entitlement/__tests__/entitlement.service.spec.ts[0m:[93m189[0m:[93m7[0m - [91merror[0m[90m TS2304: [0mCannot find name 'expect'.

[7m189[0m       expect(result.allowed).toBe(false);
[7m   [0m [91m      ~~~~~~[0m

[96msrc/entitlement/__tests__/entitlement.service.spec.ts[0m:[93m190[0m:[93m7[0m - [91merror[0m[90m TS2304: [0mCannot find name 'expect'.

[7m190[0m       expect(result.remaining).toBe(0);
[7m   [0m [91m      ~~~~~~[0m

[96msrc/entitlement/__tests__/entitlement.service.spec.ts[0m:[93m191[0m:[93m7[0m - [91merror[0m[90m TS2304: [0mCannot find name 'expect'.

[7m191[0m       expect(result.message).toContain('Limit reached');
[7m   [0m [91m      ~~~~~~[0m

[96msrc/entitlement/__tests__/entitlement.service.spec.ts[0m:[93m194[0m:[93m5[0m - [91merror[0m[90m TS2593: [0mCannot find name 'it'. Do you need to install type definitions for a test runner? Try `npm i --save-dev @types/jest` or `npm i --save-dev @types/mocha` and then add 'jest' or 'mocha' to the types field in your tsconfig.

[7m194[0m     it('should allow unlimited access when value is -1', async () => {
[7m   [0m [91m    ~~[0m

[96msrc/entitlement/__tests__/entitlement.service.spec.ts[0m:[93m217[0m:[93m7[0m - [91merror[0m[90m TS2304: [0mCannot find name 'expect'.

[7m217[0m       expect(result.allowed).toBe(true);
[7m   [0m [91m      ~~~~~~[0m

[96msrc/entitlement/__tests__/entitlement.service.spec.ts[0m:[93m218[0m:[93m7[0m - [91merror[0m[90m TS2304: [0mCannot find name 'expect'.

[7m218[0m       expect(result.limit).toBe(-1);
[7m   [0m [91m      ~~~~~~[0m

[96msrc/entitlement/__tests__/entitlement.service.spec.ts[0m:[93m219[0m:[93m7[0m - [91merror[0m[90m TS2304: [0mCannot find name 'expect'.

[7m219[0m       expect(result.message).toBe('Unlimited');
[7m   [0m [91m      ~~~~~~[0m

[96msrc/entitlement/__tests__/entitlement.service.spec.ts[0m:[93m222[0m:[93m5[0m - [91merror[0m[90m TS2593: [0mCannot find name 'it'. Do you need to install type definitions for a test runner? Try `npm i --save-dev @types/jest` or `npm i --save-dev @types/mocha` and then add 'jest' or 'mocha' to the types field in your tsconfig.

[7m222[0m     it('should increment usage when incrementUsage is true', async () => {
[7m   [0m [91m    ~~[0m

[96msrc/entitlement/__tests__/entitlement.service.spec.ts[0m:[93m259[0m:[93m7[0m - [91merror[0m[90m TS2304: [0mCannot find name 'expect'.

[7m259[0m       expect(result.allowed).toBe(true);
[7m   [0m [91m      ~~~~~~[0m

[96msrc/entitlement/__tests__/entitlement.service.spec.ts[0m:[93m260[0m:[93m7[0m - [91merror[0m[90m TS2304: [0mCannot find name 'expect'.

[7m260[0m       expect(mockUsageModel.findOneAndUpdate).toHaveBeenCalled();
[7m   [0m [91m      ~~~~~~[0m

[96msrc/entitlement/__tests__/entitlement.service.spec.ts[0m:[93m264[0m:[93m3[0m - [91merror[0m[90m TS2593: [0mCannot find name 'describe'. Do you need to install type definitions for a test runner? Try `npm i --save-dev @types/jest` or `npm i --save-dev @types/mocha` and then add 'jest' or 'mocha' to the types field in your tsconfig.

[7m264[0m   describe('checkEntitlement - Tier Features', () => {
[7m   [0m [91m  ~~~~~~~~[0m

[96msrc/entitlement/__tests__/entitlement.service.spec.ts[0m:[93m265[0m:[93m5[0m - [91merror[0m[90m TS2593: [0mCannot find name 'it'. Do you need to install type definitions for a test runner? Try `npm i --save-dev @types/jest` or `npm i --save-dev @types/mocha` and then add 'jest' or 'mocha' to the types field in your tsconfig.

[7m265[0m     it('should allow access when tier matches', async () => {
[7m   [0m [91m    ~~[0m

[96msrc/entitlement/__tests__/entitlement.service.spec.ts[0m:[93m289[0m:[93m7[0m - [91merror[0m[90m TS2304: [0mCannot find name 'expect'.

[7m289[0m       expect(result.allowed).toBe(true);
[7m   [0m [91m      ~~~~~~[0m

[96msrc/entitlement/__tests__/entitlement.service.spec.ts[0m:[93m290[0m:[93m7[0m - [91merror[0m[90m TS2304: [0mCannot find name 'expect'.

[7m290[0m       expect(result.currentValue).toBe('human');
[7m   [0m [91m      ~~~~~~[0m

[96msrc/entitlement/__tests__/entitlement.service.spec.ts[0m:[93m293[0m:[93m5[0m - [91merror[0m[90m TS2593: [0mCannot find name 'it'. Do you need to install type definitions for a test runner? Try `npm i --save-dev @types/jest` or `npm i --save-dev @types/mocha` and then add 'jest' or 'mocha' to the types field in your tsconfig.

[7m293[0m     it('should deny access when tier is lower than required', async () => {
[7m   [0m [91m    ~~[0m

[96msrc/entitlement/__tests__/entitlement.service.spec.ts[0m:[93m317[0m:[93m7[0m - [91merror[0m[90m TS2304: [0mCannot find name 'expect'.

[7m317[0m       expect(result.allowed).toBe(false);
[7m   [0m [91m      ~~~~~~[0m

[96msrc/entitlement/__tests__/entitlement.service.spec.ts[0m:[93m318[0m:[93m7[0m - [91merror[0m[90m TS2304: [0mCannot find name 'expect'.

[7m318[0m       expect(result.message).toContain('requires "human" tier');
[7m   [0m [91m      ~~~~~~[0m

[96msrc/entitlement/__tests__/entitlement.service.spec.ts[0m:[93m322[0m:[93m3[0m - [91merror[0m[90m TS2593: [0mCannot find name 'describe'. Do you need to install type definitions for a test runner? Try `npm i --save-dev @types/jest` or `npm i --save-dev @types/mocha` and then add 'jest' or 'mocha' to the types field in your tsconfig.

[7m322[0m   describe('checkEntitlement - Edge Cases', () => {
[7m   [0m [91m  ~~~~~~~~[0m

[96msrc/entitlement/__tests__/entitlement.service.spec.ts[0m:[93m323[0m:[93m5[0m - [91merror[0m[90m TS2593: [0mCannot find name 'it'. Do you need to install type definitions for a test runner? Try `npm i --save-dev @types/jest` or `npm i --save-dev @types/mocha` and then add 'jest' or 'mocha' to the types field in your tsconfig.

[7m323[0m     it('should deny access when user not found', async () => {
[7m   [0m [91m    ~~[0m

[96msrc/entitlement/__tests__/entitlement.service.spec.ts[0m:[93m330[0m:[93m7[0m - [91merror[0m[90m TS2304: [0mCannot find name 'expect'.

[7m330[0m       expect(result.allowed).toBe(false);
[7m   [0m [91m      ~~~~~~[0m

[96msrc/entitlement/__tests__/entitlement.service.spec.ts[0m:[93m331[0m:[93m7[0m - [91merror[0m[90m TS2304: [0mCannot find name 'expect'.

[7m331[0m       expect(result.message).toBe('User not found');
[7m   [0m [91m      ~~~~~~[0m

[96msrc/entitlement/__tests__/entitlement.service.spec.ts[0m:[93m334[0m:[93m5[0m - [91merror[0m[90m TS2593: [0mCannot find name 'it'. Do you need to install type definitions for a test runner? Try `npm i --save-dev @types/jest` or `npm i --save-dev @types/mocha` and then add 'jest' or 'mocha' to the types field in your tsconfig.

[7m334[0m     it('should deny access when plan not found', async () => {
[7m   [0m [91m    ~~[0m

[96msrc/entitlement/__tests__/entitlement.service.spec.ts[0m:[93m346[0m:[93m7[0m - [91merror[0m[90m TS2304: [0mCannot find name 'expect'.

[7m346[0m       expect(result.allowed).toBe(false);
[7m   [0m [91m      ~~~~~~[0m

[96msrc/entitlement/__tests__/entitlement.service.spec.ts[0m:[93m347[0m:[93m7[0m - [91merror[0m[90m TS2304: [0mCannot find name 'expect'.

[7m347[0m       expect(result.message).toBe('Plan not found');
[7m   [0m [91m      ~~~~~~[0m

[96msrc/entitlement/__tests__/entitlement.service.spec.ts[0m:[93m350[0m:[93m5[0m - [91merror[0m[90m TS2593: [0mCannot find name 'it'. Do you need to install type definitions for a test runner? Try `npm i --save-dev @types/jest` or `npm i --save-dev @types/mocha` and then add 'jest' or 'mocha' to the types field in your tsconfig.

[7m350[0m     it('should deny access when feature not defined for plan', async () => {
[7m   [0m [91m    ~~[0m

[96msrc/entitlement/__tests__/entitlement.service.spec.ts[0m:[93m368[0m:[93m7[0m - [91merror[0m[90m TS2304: [0mCannot find name 'expect'.

[7m368[0m       expect(result.allowed).toBe(false);
[7m   [0m [91m      ~~~~~~[0m

[96msrc/entitlement/__tests__/entitlement.service.spec.ts[0m:[93m369[0m:[93m7[0m - [91merror[0m[90m TS2304: [0mCannot find name 'expect'.

[7m369[0m       expect(result.message).toContain('not available');
[7m   [0m [91m      ~~~~~~[0m

[96msrc/schemas/index.ts[0m:[93m2[0m:[93m1[0m - [91merror[0m[90m TS2308: [0mModule './user.schema' has already exported a member named 'PlanType'. Consider explicitly re-exporting to resolve the ambiguity.

[7m2[0m export * from './subscription-plan.schema';
[7m [0m [91m~~~~~~~~~~~~~~~~~~~~~~~~~~~~~~~~~~~~~~~~~~~[0m

[96msrc/schemas/index.ts[0m:[93m4[0m:[93m1[0m - [91merror[0m[90m TS2308: [0mModule './user.schema' has already exported a member named 'SubscriptionStatus'. Consider explicitly re-exporting to resolve the ambiguity.

[7m4[0m export * from './user-subscription.schema';
[7m [0m [91m~~~~~~~~~~~~~~~~~~~~~~~~~~~~~~~~~~~~~~~~~~~[0m

[96msrc/schemas/user.schema.ts[0m:[93m17[0m:[93m11[0m - [91merror[0m[90m TS2339: [0mProperty 'id' does not exist on type 'Required<{ _id: unknown; }> & { __v: number; }'.

[7m17[0m       ret.id = ret._id;
[7m  [0m [91m          ~~[0m

[96msrc/schemas/user.schema.ts[0m:[93m20[0m:[93m18[0m - [91merror[0m[90m TS2339: [0mProperty 'password' does not exist on type 'Required<{ _id: unknown; }> & { __v: number; }'.

[7m20[0m       delete ret.password;
[7m  [0m [91m                 ~~~~~~~~[0m

[[90m3:29:10 p.m.[0m] Found 156 errors. Watching for file changes.

[2J[3J[H[[90m3:30:11 p.m.[0m] File change detected. Starting incremental compilation...

[96msrc/billing/__tests__/billing.service.spec.ts[0m:[93m8[0m:[93m1[0m - [91merror[0m[90m TS2593: [0mCannot find name 'describe'. Do you need to install type definitions for a test runner? Try `npm i --save-dev @types/jest` or `npm i --save-dev @types/mocha` and then add 'jest' or 'mocha' to the types field in your tsconfig.

[7m8[0m describe('BillingService', () => {
[7m [0m [91m~~~~~~~~[0m

[96msrc/billing/__tests__/billing.service.spec.ts[0m:[93m14[0m:[93m15[0m - [91merror[0m[90m TS2304: [0mCannot find name 'jest'.

[7m14[0m     findById: jest.fn(),
[7m  [0m [91m              ~~~~[0m

[96msrc/billing/__tests__/billing.service.spec.ts[0m:[93m15[0m:[93m24[0m - [91merror[0m[90m TS2304: [0mCannot find name 'jest'.

[7m15[0m     findByIdAndUpdate: jest.fn(),
[7m  [0m [91m                       ~~~~[0m

[96msrc/billing/__tests__/billing.service.spec.ts[0m:[93m16[0m:[93m14[0m - [91merror[0m[90m TS2304: [0mCannot find name 'jest'.

[7m16[0m     findOne: jest.fn(),
[7m  [0m [91m             ~~~~[0m

[96msrc/billing/__tests__/billing.service.spec.ts[0m:[93m20[0m:[93m11[0m - [91merror[0m[90m TS2304: [0mCannot find name 'jest'.

[7m20[0m     find: jest.fn(),
[7m  [0m [91m          ~~~~[0m

[96msrc/billing/__tests__/billing.service.spec.ts[0m:[93m21[0m:[93m15[0m - [91merror[0m[90m TS2304: [0mCannot find name 'jest'.

[7m21[0m     findById: jest.fn(),
[7m  [0m [91m              ~~~~[0m

[96msrc/billing/__tests__/billing.service.spec.ts[0m:[93m22[0m:[93m14[0m - [91merror[0m[90m TS2304: [0mCannot find name 'jest'.

[7m22[0m     findOne: jest.fn(),
[7m  [0m [91m             ~~~~[0m

[96msrc/billing/__tests__/billing.service.spec.ts[0m:[93m26[0m:[93m14[0m - [91merror[0m[90m TS2304: [0mCannot find name 'jest'.

[7m26[0m     findOne: jest.fn(),
[7m  [0m [91m             ~~~~[0m

[96msrc/billing/__tests__/billing.service.spec.ts[0m:[93m27[0m:[93m24[0m - [91merror[0m[90m TS2304: [0mCannot find name 'jest'.

[7m27[0m     findByIdAndUpdate: jest.fn(),
[7m  [0m [91m                       ~~~~[0m

[96msrc/billing/__tests__/billing.service.spec.ts[0m:[93m28[0m:[93m13[0m - [91merror[0m[90m TS2304: [0mCannot find name 'jest'.

[7m28[0m     create: jest.fn(),
[7m  [0m [91m            ~~~~[0m

[96msrc/billing/__tests__/billing.service.spec.ts[0m:[93m29[0m:[93m16[0m - [91merror[0m[90m TS2304: [0mCannot find name 'jest'.

[7m29[0m     updateOne: jest.fn(),
[7m  [0m [91m               ~~~~[0m

[96msrc/billing/__tests__/billing.service.spec.ts[0m:[93m33[0m:[93m14[0m - [91merror[0m[90m TS2304: [0mCannot find name 'jest'.

[7m33[0m     findOne: jest.fn(),
[7m  [0m [91m             ~~~~[0m

[96msrc/billing/__tests__/billing.service.spec.ts[0m:[93m34[0m:[93m23[0m - [91merror[0m[90m TS2304: [0mCannot find name 'jest'.

[7m34[0m     findOneAndUpdate: jest.fn(),
[7m  [0m [91m                      ~~~~[0m

[96msrc/billing/__tests__/billing.service.spec.ts[0m:[93m37[0m:[93m3[0m - [91merror[0m[90m TS2304: [0mCannot find name 'beforeEach'.

[7m37[0m   beforeEach(async () => {
[7m  [0m [91m  ~~~~~~~~~~[0m

[96msrc/billing/__tests__/billing.service.spec.ts[0m:[93m39[0m:[93m12[0m - [91merror[0m[90m TS2304: [0mCannot find name 'jest'.

[7m39[0m       get: jest.fn().mockImplementation((key: string, defaultValue?: any) => {
[7m  [0m [91m           ~~~~[0m

[96msrc/billing/__tests__/billing.service.spec.ts[0m:[93m50[0m:[93m19[0m - [91merror[0m[90m TS2304: [0mCannot find name 'jest'.

[7m50[0m       setContext: jest.fn(),
[7m  [0m [91m                  ~~~~[0m

[96msrc/billing/__tests__/billing.service.spec.ts[0m:[93m51[0m:[93m13[0m - [91merror[0m[90m TS2304: [0mCannot find name 'jest'.

[7m51[0m       info: jest.fn(),
[7m  [0m [91m            ~~~~[0m

[96msrc/billing/__tests__/billing.service.spec.ts[0m:[93m52[0m:[93m13[0m - [91merror[0m[90m TS2304: [0mCannot find name 'jest'.

[7m52[0m       warn: jest.fn(),
[7m  [0m [91m            ~~~~[0m

[96msrc/billing/__tests__/billing.service.spec.ts[0m:[93m53[0m:[93m14[0m - [91merror[0m[90m TS2304: [0mCannot find name 'jest'.

[7m53[0m       error: jest.fn(),
[7m  [0m [91m             ~~~~[0m

[96msrc/billing/__tests__/billing.service.spec.ts[0m:[93m54[0m:[93m14[0m - [91merror[0m[90m TS2304: [0mCannot find name 'jest'.

[7m54[0m       debug: jest.fn(),
[7m  [0m [91m             ~~~~[0m

[96msrc/billing/__tests__/billing.service.spec.ts[0m:[93m72[0m:[93m3[0m - [91merror[0m[90m TS2304: [0mCannot find name 'afterEach'.

[7m72[0m   afterEach(() => {
[7m  [0m [91m  ~~~~~~~~~[0m

[96msrc/billing/__tests__/billing.service.spec.ts[0m:[93m73[0m:[93m5[0m - [91merror[0m[90m TS2304: [0mCannot find name 'jest'.

[7m73[0m     jest.clearAllMocks();
[7m  [0m [91m    ~~~~[0m

[96msrc/billing/__tests__/billing.service.spec.ts[0m:[93m76[0m:[93m3[0m - [91merror[0m[90m TS2593: [0mCannot find name 'describe'. Do you need to install type definitions for a test runner? Try `npm i --save-dev @types/jest` or `npm i --save-dev @types/mocha` and then add 'jest' or 'mocha' to the types field in your tsconfig.

[7m76[0m   describe('handleStripeWebhook', () => {
[7m  [0m [91m  ~~~~~~~~[0m

[96msrc/billing/__tests__/billing.service.spec.ts[0m:[93m77[0m:[93m5[0m - [91merror[0m[90m TS2593: [0mCannot find name 'it'. Do you need to install type definitions for a test runner? Try `npm i --save-dev @types/jest` or `npm i --save-dev @types/mocha` and then add 'jest' or 'mocha' to the types field in your tsconfig.

[7m77[0m     it('should throw BadRequestException for invalid signature', async () => {
[7m  [0m [91m    ~~[0m

[96msrc/billing/__tests__/billing.service.spec.ts[0m:[93m81[0m:[93m13[0m - [91merror[0m[90m TS2304: [0mCannot find name 'expect'.

[7m81[0m       await expect(
[7m  [0m [91m            ~~~~~~[0m

[96msrc/billing/__tests__/billing.service.spec.ts[0m:[93m85[0m:[93m7[0m - [91merror[0m[90m TS2304: [0mCannot find name 'expect'.

[7m85[0m       expect(mockLogger.error).toHaveBeenCalledWith(
[7m  [0m [91m      ~~~~~~[0m

[96msrc/billing/__tests__/billing.service.spec.ts[0m:[93m86[0m:[93m9[0m - [91merror[0m[90m TS2304: [0mCannot find name 'expect'.

[7m86[0m         expect.objectContaining({ error: expect.any(String) }),
[7m  [0m [91m        ~~~~~~[0m

[96msrc/billing/__tests__/billing.service.spec.ts[0m:[93m86[0m:[93m42[0m - [91merror[0m[90m TS2304: [0mCannot find name 'expect'.

[7m86[0m         expect.objectContaining({ error: expect.any(String) }),
[7m  [0m [91m                                         ~~~~~~[0m

[96msrc/billing/__tests__/billing.service.spec.ts[0m:[93m91[0m:[93m5[0m - [91merror[0m[90m TS2593: [0mCannot find name 'it'. Do you need to install type definitions for a test runner? Try `npm i --save-dev @types/jest` or `npm i --save-dev @types/mocha` and then add 'jest' or 'mocha' to the types field in your tsconfig.

[7m91[0m     it('should validate webhook signature format', async () => {
[7m  [0m [91m    ~~[0m

[96msrc/billing/__tests__/billing.service.spec.ts[0m:[93m95[0m:[93m13[0m - [91merror[0m[90m TS2304: [0mCannot find name 'expect'.

[7m95[0m       await expect(
[7m  [0m [91m            ~~~~~~[0m

[96msrc/billing/__tests__/billing.service.spec.ts[0m:[93m104[0m:[93m3[0m - [91merror[0m[90m TS2593: [0mCannot find name 'describe'. Do you need to install type definitions for a test runner? Try `npm i --save-dev @types/jest` or `npm i --save-dev @types/mocha` and then add 'jest' or 'mocha' to the types field in your tsconfig.

[7m104[0m   describe('getPlans', () => {
[7m   [0m [91m  ~~~~~~~~[0m

[96msrc/billing/__tests__/billing.service.spec.ts[0m:[93m105[0m:[93m5[0m - [91merror[0m[90m TS2593: [0mCannot find name 'it'. Do you need to install type definitions for a test runner? Try `npm i --save-dev @types/jest` or `npm i --save-dev @types/mocha` and then add 'jest' or 'mocha' to the types field in your tsconfig.

[7m105[0m     it('should return active plans sorted by order', async () => {
[7m   [0m [91m    ~~[0m

[96msrc/billing/__tests__/billing.service.spec.ts[0m:[93m112[0m:[93m15[0m - [91merror[0m[90m TS2304: [0mCannot find name 'jest'.

[7m112[0m         sort: jest.fn().mockResolvedValue(mockPlans),
[7m   [0m [91m              ~~~~[0m

[96msrc/billing/__tests__/billing.service.spec.ts[0m:[93m117[0m:[93m7[0m - [91merror[0m[90m TS2304: [0mCannot find name 'expect'.

[7m117[0m       expect(mockPlanModel.find).toHaveBeenCalledWith({ isActive: true });
[7m   [0m [91m      ~~~~~~[0m

[96msrc/billing/__tests__/billing.service.spec.ts[0m:[93m118[0m:[93m7[0m - [91merror[0m[90m TS2304: [0mCannot find name 'expect'.

[7m118[0m       expect(result).toEqual(mockPlans);
[7m   [0m [91m      ~~~~~~[0m

[96msrc/billing/__tests__/billing.service.spec.ts[0m:[93m122[0m:[93m3[0m - [91merror[0m[90m TS2593: [0mCannot find name 'describe'. Do you need to install type definitions for a test runner? Try `npm i --save-dev @types/jest` or `npm i --save-dev @types/mocha` and then add 'jest' or 'mocha' to the types field in your tsconfig.

[7m122[0m   describe('recordUsage', () => {
[7m   [0m [91m  ~~~~~~~~[0m

[96msrc/billing/__tests__/billing.service.spec.ts[0m:[93m123[0m:[93m5[0m - [91merror[0m[90m TS2593: [0mCannot find name 'it'. Do you need to install type definitions for a test runner? Try `npm i --save-dev @types/jest` or `npm i --save-dev @types/mocha` and then add 'jest' or 'mocha' to the types field in your tsconfig.

[7m123[0m     it('should increment usage for a feature', async () => {
[7m   [0m [91m    ~~[0m

[96msrc/billing/__tests__/billing.service.spec.ts[0m:[93m140[0m:[93m7[0m - [91merror[0m[90m TS2304: [0mCannot find name 'expect'.

[7m140[0m       expect(mockUsageModel.findOneAndUpdate).toHaveBeenCalled();
[7m   [0m [91m      ~~~~~~[0m

[96msrc/billing/__tests__/billing.service.spec.ts[0m:[93m141[0m:[93m7[0m - [91merror[0m[90m TS2304: [0mCannot find name 'expect'.

[7m141[0m       expect(result.count).toBe(5);
[7m   [0m [91m      ~~~~~~[0m

[96msrc/billing/__tests__/billing.service.spec.ts[0m:[93m145[0m:[93m3[0m - [91merror[0m[90m TS2593: [0mCannot find name 'describe'. Do you need to install type definitions for a test runner? Try `npm i --save-dev @types/jest` or `npm i --save-dev @types/mocha` and then add 'jest' or 'mocha' to the types field in your tsconfig.

[7m145[0m   describe('getUsage', () => {
[7m   [0m [91m  ~~~~~~~~[0m

[96msrc/billing/__tests__/billing.service.spec.ts[0m:[93m146[0m:[93m5[0m - [91merror[0m[90m TS2593: [0mCannot find name 'it'. Do you need to install type definitions for a test runner? Try `npm i --save-dev @types/jest` or `npm i --save-dev @types/mocha` and then add 'jest' or 'mocha' to the types field in your tsconfig.

[7m146[0m     it('should return current usage for a feature', async () => {
[7m   [0m [91m    ~~[0m

[96msrc/billing/__tests__/billing.service.spec.ts[0m:[93m161[0m:[93m7[0m - [91merror[0m[90m TS2304: [0mCannot find name 'expect'.

[7m161[0m       expect(result).toBe(42);
[7m   [0m [91m      ~~~~~~[0m

[96msrc/billing/__tests__/billing.service.spec.ts[0m:[93m164[0m:[93m5[0m - [91merror[0m[90m TS2593: [0mCannot find name 'it'. Do you need to install type definitions for a test runner? Try `npm i --save-dev @types/jest` or `npm i --save-dev @types/mocha` and then add 'jest' or 'mocha' to the types field in your tsconfig.

[7m164[0m     it('should return 0 if no usage record exists', async () => {
[7m   [0m [91m    ~~[0m

[96msrc/billing/__tests__/billing.service.spec.ts[0m:[93m173[0m:[93m7[0m - [91merror[0m[90m TS2304: [0mCannot find name 'expect'.

[7m173[0m       expect(result).toBe(0);
[7m   [0m [91m      ~~~~~~[0m

[96msrc/billing/billing.service.ts[0m:[93m37[0m:[93m7[0m - [91merror[0m[90m TS2322: [0mType '"2024-12-18.acacia"' is not assignable to type '"2023-10-16"'.

[7m37[0m       apiVersion: '2024-12-18.acacia',
[7m  [0m [91m      ~~~~~~~~~~[0m

  [96mnode_modules/stripe/types/lib.d.ts[0m:[93m47[0m:[93m7[0m
    [7m47[0m       apiVersion?: LatestApiVersion;
    [7m  [0m [96m      ~~~~~~~~~~[0m
    The expected type comes from property 'apiVersion' which is declared here on type 'StripeConfig'

[96msrc/billing/billing.service.ts[0m:[93m81[0m:[93m17[0m - [91merror[0m[90m TS2339: [0mProperty 'info' does not exist on type 'Logger'.

[7m81[0m     this.logger.info({ userId: user._id, customerId: customer.id }, 'Stripe customer created');
[7m  [0m [91m                ~~~~[0m

[96msrc/billing/billing.service.ts[0m:[93m133[0m:[93m17[0m - [91merror[0m[90m TS2339: [0mProperty 'info' does not exist on type 'Logger'.

[7m133[0m     this.logger.info(
[7m   [0m [91m                ~~~~[0m

[96msrc/billing/billing.service.ts[0m:[93m178[0m:[93m19[0m - [91merror[0m[90m TS2339: [0mProperty 'info' does not exist on type 'Logger'.

[7m178[0m       this.logger.info(
[7m   [0m [91m                  ~~~~[0m

[96msrc/billing/billing.service.ts[0m:[93m194[0m:[93m19[0m - [91merror[0m[90m TS2339: [0mProperty 'info' does not exist on type 'Logger'.

[7m194[0m       this.logger.info(
[7m   [0m [91m                  ~~~~[0m

[96msrc/billing/billing.service.ts[0m:[93m221[0m:[93m17[0m - [91merror[0m[90m TS2339: [0mProperty 'info' does not exist on type 'Logger'.

[7m221[0m     this.logger.info(
[7m   [0m [91m                ~~~~[0m

[96msrc/billing/billing.service.ts[0m:[93m241[0m:[93m17[0m - [91merror[0m[90m TS2339: [0mProperty 'info' does not exist on type 'Logger'.

[7m241[0m     this.logger.info({ userId }, 'User downgraded to free plan');
[7m   [0m [91m                ~~~~[0m

[96msrc/billing/billing.service.ts[0m:[93m261[0m:[93m17[0m - [91merror[0m[90m TS2339: [0mProperty 'info' does not exist on type 'Logger'.

[7m261[0m     this.logger.info({ eventType: event.type, eventId: event.id }, 'Processing Stripe webhook');
[7m   [0m [91m                ~~~~[0m

[96msrc/billing/billing.service.ts[0m:[93m303[0m:[93m17[0m - [91merror[0m[90m TS2339: [0mProperty 'info' does not exist on type 'Logger'.

[7m303[0m     this.logger.info(
[7m   [0m [91m                ~~~~[0m

[96msrc/billing/billing.service.ts[0m:[93m370[0m:[93m17[0m - [91merror[0m[90m TS2339: [0mProperty 'info' does not exist on type 'Logger'.

[7m370[0m     this.logger.info(
[7m   [0m [91m                ~~~~[0m

[96msrc/billing/billing.service.ts[0m:[93m394[0m:[93m17[0m - [91merror[0m[90m TS2339: [0mProperty 'info' does not exist on type 'Logger'.

[7m394[0m     this.logger.info({ userId, subscriptionId: subscription.id }, 'Subscription deleted');
[7m   [0m [91m                ~~~~[0m

[96msrc/billing/billing.service.ts[0m:[93m402[0m:[93m19[0m - [91merror[0m[90m TS2339: [0mProperty 'info' does not exist on type 'Logger'.

[7m402[0m       this.logger.info({ userId: user._id, invoiceId: invoice.id }, 'Payment succeeded');
[7m   [0m [91m                  ~~~~[0m

[96msrc/billing/billing.service.ts[0m:[93m480[0m:[93m17[0m - [91merror[0m[90m TS2339: [0mProperty 'info' does not exist on type 'Logger'.

[7m480[0m     this.logger.info({ userId, periodStart, periodEnd }, 'Usage reset for new period');
[7m   [0m [91m                ~~~~[0m

[96msrc/common/decorators/roles.decorator.ts[0m:[93m2[0m:[93m26[0m - [91merror[0m[90m TS2307: [0mCannot find module '@jobocate/contracts' or its corresponding type declarations.

[7m2[0m import { UserRole } from '@jobocate/contracts';
[7m [0m [91m                         ~~~~~~~~~~~~~~~~~~~~~[0m

[96msrc/entitlement/__tests__/entitlement.guard.spec.ts[0m:[93m6[0m:[93m29[0m - [91merror[0m[90m TS2307: [0mCannot find module '@jobocate/contracts' or its corresponding type declarations.

[7m6[0m import { FeatureKeys } from '@jobocate/contracts';
[7m [0m [91m                            ~~~~~~~~~~~~~~~~~~~~~[0m

[96msrc/entitlement/__tests__/entitlement.guard.spec.ts[0m:[93m8[0m:[93m1[0m - [91merror[0m[90m TS2593: [0mCannot find name 'describe'. Do you need to install type definitions for a test runner? Try `npm i --save-dev @types/jest` or `npm i --save-dev @types/mocha` and then add 'jest' or 'mocha' to the types field in your tsconfig.

[7m8[0m describe('EntitlementGuard', () => {
[7m [0m [91m~~~~~~~~[0m

[96msrc/entitlement/__tests__/entitlement.guard.spec.ts[0m:[93m14[0m:[93m23[0m - [91merror[0m[90m TS2304: [0mCannot find name 'jest'.

[7m14[0m     checkEntitlement: jest.fn(),
[7m  [0m [91m                      ~~~~[0m

[96msrc/entitlement/__tests__/entitlement.guard.spec.ts[0m:[93m30[0m:[93m3[0m - [91merror[0m[90m TS2304: [0mCannot find name 'beforeEach'.

[7m30[0m   beforeEach(async () => {
[7m  [0m [91m  ~~~~~~~~~~[0m

[96msrc/entitlement/__tests__/entitlement.guard.spec.ts[0m:[93m44[0m:[93m3[0m - [91merror[0m[90m TS2304: [0mCannot find name 'afterEach'.

[7m44[0m   afterEach(() => {
[7m  [0m [91m  ~~~~~~~~~[0m

[96msrc/entitlement/__tests__/entitlement.guard.spec.ts[0m:[93m45[0m:[93m5[0m - [91merror[0m[90m TS2304: [0mCannot find name 'jest'.

[7m45[0m     jest.clearAllMocks();
[7m  [0m [91m    ~~~~[0m

[96msrc/entitlement/__tests__/entitlement.guard.spec.ts[0m:[93m48[0m:[93m3[0m - [91merror[0m[90m TS2593: [0mCannot find name 'describe'. Do you need to install type definitions for a test runner? Try `npm i --save-dev @types/jest` or `npm i --save-dev @types/mocha` and then add 'jest' or 'mocha' to the types field in your tsconfig.

[7m48[0m   describe('canActivate', () => {
[7m  [0m [91m  ~~~~~~~~[0m

[96msrc/entitlement/__tests__/entitlement.guard.spec.ts[0m:[93m49[0m:[93m5[0m - [91merror[0m[90m TS2593: [0mCannot find name 'it'. Do you need to install type definitions for a test runner? Try `npm i --save-dev @types/jest` or `npm i --save-dev @types/mocha` and then add 'jest' or 'mocha' to the types field in your tsconfig.

[7m49[0m     it('should allow access when no entitlement metadata is set', async () => {
[7m  [0m [91m    ~~[0m

[96msrc/entitlement/__tests__/entitlement.guard.spec.ts[0m:[93m50[0m:[93m7[0m - [91merror[0m[90m TS2304: [0mCannot find name 'jest'.

[7m50[0m       jest.spyOn(reflector, 'getAllAndOverride').mockReturnValue(undefined);
[7m  [0m [91m      ~~~~[0m

[96msrc/entitlement/__tests__/entitlement.guard.spec.ts[0m:[93m55[0m:[93m7[0m - [91merror[0m[90m TS2304: [0mCannot find name 'expect'.

[7m55[0m       expect(result).toBe(true);
[7m  [0m [91m      ~~~~~~[0m

[96msrc/entitlement/__tests__/entitlement.guard.spec.ts[0m:[93m56[0m:[93m7[0m - [91merror[0m[90m TS2304: [0mCannot find name 'expect'.

[7m56[0m       expect(mockEntitlementService.checkEntitlement).not.toHaveBeenCalled();
[7m  [0m [91m      ~~~~~~[0m

[96msrc/entitlement/__tests__/entitlement.guard.spec.ts[0m:[93m59[0m:[93m5[0m - [91merror[0m[90m TS2593: [0mCannot find name 'it'. Do you need to install type definitions for a test runner? Try `npm i --save-dev @types/jest` or `npm i --save-dev @types/mocha` and then add 'jest' or 'mocha' to the types field in your tsconfig.

[7m59[0m     it('should throw ForbiddenException when no user in request', async () => {
[7m  [0m [91m    ~~[0m

[96msrc/entitlement/__tests__/entitlement.guard.spec.ts[0m:[93m63[0m:[93m7[0m - [91merror[0m[90m TS2304: [0mCannot find name 'jest'.

[7m63[0m       jest.spyOn(reflector, 'getAllAndOverride').mockReturnValue(metadata);
[7m  [0m [91m      ~~~~[0m

[96msrc/entitlement/__tests__/entitlement.guard.spec.ts[0m:[93m67[0m:[93m13[0m - [91merror[0m[90m TS2304: [0mCannot find name 'expect'.

[7m67[0m       await expect(guard.canActivate(context)).rejects.toThrow(ForbiddenException);
[7m  [0m [91m            ~~~~~~[0m

[96msrc/entitlement/__tests__/entitlement.guard.spec.ts[0m:[93m68[0m:[93m13[0m - [91merror[0m[90m TS2304: [0mCannot find name 'expect'.

[7m68[0m       await expect(guard.canActivate(context)).rejects.toThrow('Authentication required');
[7m  [0m [91m            ~~~~~~[0m

[96msrc/entitlement/__tests__/entitlement.guard.spec.ts[0m:[93m71[0m:[93m5[0m - [91merror[0m[90m TS2593: [0mCannot find name 'it'. Do you need to install type definitions for a test runner? Try `npm i --save-dev @types/jest` or `npm i --save-dev @types/mocha` and then add 'jest' or 'mocha' to the types field in your tsconfig.

[7m71[0m     it('should allow access when entitlement check passes', async () => {
[7m  [0m [91m    ~~[0m

[96msrc/entitlement/__tests__/entitlement.guard.spec.ts[0m:[93m75[0m:[93m7[0m - [91merror[0m[90m TS2304: [0mCannot find name 'jest'.

[7m75[0m       jest.spyOn(reflector, 'getAllAndOverride').mockReturnValue(metadata);
[7m  [0m [91m      ~~~~[0m

[96msrc/entitlement/__tests__/entitlement.guard.spec.ts[0m:[93m87[0m:[93m7[0m - [91merror[0m[90m TS2304: [0mCannot find name 'expect'.

[7m87[0m       expect(result).toBe(true);
[7m  [0m [91m      ~~~~~~[0m

[96msrc/entitlement/__tests__/entitlement.guard.spec.ts[0m:[93m88[0m:[93m7[0m - [91merror[0m[90m TS2304: [0mCannot find name 'expect'.

[7m88[0m       expect(mockEntitlementService.checkEntitlement).toHaveBeenCalledWith(
[7m  [0m [91m      ~~~~~~[0m

[96msrc/entitlement/__tests__/entitlement.guard.spec.ts[0m:[93m98[0m:[93m5[0m - [91merror[0m[90m TS2593: [0mCannot find name 'it'. Do you need to install type definitions for a test runner? Try `npm i --save-dev @types/jest` or `npm i --save-dev @types/mocha` and then add 'jest' or 'mocha' to the types field in your tsconfig.

[7m98[0m     it('should throw ForbiddenException when entitlement check fails', async () => {
[7m  [0m [91m    ~~[0m

[96msrc/entitlement/__tests__/entitlement.guard.spec.ts[0m:[93m102[0m:[93m7[0m - [91merror[0m[90m TS2304: [0mCannot find name 'jest'.

[7m102[0m       jest.spyOn(reflector, 'getAllAndOverride').mockReturnValue(metadata);
[7m   [0m [91m      ~~~~[0m

[96msrc/entitlement/__tests__/entitlement.guard.spec.ts[0m:[93m113[0m:[93m13[0m - [91merror[0m[90m TS2304: [0mCannot find name 'expect'.

[7m113[0m       await expect(guard.canActivate(context)).rejects.toThrow(ForbiddenException);
[7m   [0m [91m            ~~~~~~[0m

[96msrc/entitlement/__tests__/entitlement.guard.spec.ts[0m:[93m114[0m:[93m13[0m - [91merror[0m[90m TS2304: [0mCannot find name 'expect'.

[7m114[0m       await expect(guard.canActivate(context)).rejects.toThrow(
[7m   [0m [91m            ~~~~~~[0m

[96msrc/entitlement/__tests__/entitlement.guard.spec.ts[0m:[93m119[0m:[93m5[0m - [91merror[0m[90m TS2593: [0mCannot find name 'it'. Do you need to install type definitions for a test runner? Try `npm i --save-dev @types/jest` or `npm i --save-dev @types/mocha` and then add 'jest' or 'mocha' to the types field in your tsconfig.

[7m119[0m     it('should pass incrementUsage option to service', async () => {
[7m   [0m [91m    ~~[0m

[96msrc/entitlement/__tests__/entitlement.guard.spec.ts[0m:[93m124[0m:[93m7[0m - [91merror[0m[90m TS2304: [0mCannot find name 'jest'.

[7m124[0m       jest.spyOn(reflector, 'getAllAndOverride').mockReturnValue(metadata);
[7m   [0m [91m      ~~~~[0m

[96msrc/entitlement/__tests__/entitlement.guard.spec.ts[0m:[93m138[0m:[93m7[0m - [91merror[0m[90m TS2304: [0mCannot find name 'expect'.

[7m138[0m       expect(mockEntitlementService.checkEntitlement).toHaveBeenCalledWith(
[7m   [0m [91m      ~~~~~~[0m

[96msrc/entitlement/__tests__/entitlement.guard.spec.ts[0m:[93m140[0m:[93m9[0m - [91merror[0m[90m TS2304: [0mCannot find name 'expect'.

[7m140[0m         expect.objectContaining({
[7m   [0m [91m        ~~~~~~[0m

[96msrc/entitlement/__tests__/entitlement.guard.spec.ts[0m:[93m146[0m:[93m5[0m - [91merror[0m[90m TS2593: [0mCannot find name 'it'. Do you need to install type definitions for a test runner? Try `npm i --save-dev @types/jest` or `npm i --save-dev @types/mocha` and then add 'jest' or 'mocha' to the types field in your tsconfig.

[7m146[0m     it('should pass requiredValue option for tier checks', async () => {
[7m   [0m [91m    ~~[0m

[96msrc/entitlement/__tests__/entitlement.guard.spec.ts[0m:[93m151[0m:[93m7[0m - [91merror[0m[90m TS2304: [0mCannot find name 'jest'.

[7m151[0m       jest.spyOn(reflector, 'getAllAndOverride').mockReturnValue(metadata);
[7m   [0m [91m      ~~~~[0m

[96msrc/entitlement/__tests__/entitlement.guard.spec.ts[0m:[93m163[0m:[93m7[0m - [91merror[0m[90m TS2304: [0mCannot find name 'expect'.

[7m163[0m       expect(mockEntitlementService.checkEntitlement).toHaveBeenCalledWith(
[7m   [0m [91m      ~~~~~~[0m

[96msrc/entitlement/__tests__/entitlement.guard.spec.ts[0m:[93m165[0m:[93m9[0m - [91merror[0m[90m TS2304: [0mCannot find name 'expect'.

[7m165[0m         expect.objectContaining({
[7m   [0m [91m        ~~~~~~[0m

[96msrc/entitlement/__tests__/entitlement.guard.spec.ts[0m:[93m171[0m:[93m5[0m - [91merror[0m[90m TS2593: [0mCannot find name 'it'. Do you need to install type definitions for a test runner? Try `npm i --save-dev @types/jest` or `npm i --save-dev @types/mocha` and then add 'jest' or 'mocha' to the types field in your tsconfig.

[7m171[0m     it('should attach entitlement result to request', async () => {
[7m   [0m [91m    ~~[0m

[96msrc/entitlement/__tests__/entitlement.guard.spec.ts[0m:[93m175[0m:[93m7[0m - [91merror[0m[90m TS2304: [0mCannot find name 'jest'.

[7m175[0m       jest.spyOn(reflector, 'getAllAndOverride').mockReturnValue(metadata);
[7m   [0m [91m      ~~~~[0m

[96msrc/entitlement/__tests__/entitlement.guard.spec.ts[0m:[93m199[0m:[93m7[0m - [91merror[0m[90m TS2304: [0mCannot find name 'expect'.

[7m199[0m       expect(request.entitlementCheck).toEqual(checkResult);
[7m   [0m [91m      ~~~~~~[0m

[96msrc/entitlement/__tests__/entitlement.service.spec.ts[0m:[93m6[0m:[93m29[0m - [91merror[0m[90m TS2307: [0mCannot find module '@jobocate/contracts' or its corresponding type declarations.

[7m6[0m import { FeatureKeys } from '@jobocate/contracts';
[7m [0m [91m                            ~~~~~~~~~~~~~~~~~~~~~[0m

[96msrc/entitlement/__tests__/entitlement.service.spec.ts[0m:[93m8[0m:[93m1[0m - [91merror[0m[90m TS2593: [0mCannot find name 'describe'. Do you need to install type definitions for a test runner? Try `npm i --save-dev @types/jest` or `npm i --save-dev @types/mocha` and then add 'jest' or 'mocha' to the types field in your tsconfig.

[7m8[0m describe('EntitlementService', () => {
[7m [0m [91m~~~~~~~~[0m

[96msrc/entitlement/__tests__/entitlement.service.spec.ts[0m:[93m13[0m:[93m15[0m - [91merror[0m[90m TS2304: [0mCannot find name 'jest'.

[7m13[0m     findById: jest.fn(),
[7m  [0m [91m              ~~~~[0m

[96msrc/entitlement/__tests__/entitlement.service.spec.ts[0m:[93m17[0m:[93m14[0m - [91merror[0m[90m TS2304: [0mCannot find name 'jest'.

[7m17[0m     findOne: jest.fn(),
[7m  [0m [91m             ~~~~[0m

[96msrc/entitlement/__tests__/entitlement.service.spec.ts[0m:[93m18[0m:[93m11[0m - [91merror[0m[90m TS2304: [0mCannot find name 'jest'.

[7m18[0m     find: jest.fn(),
[7m  [0m [91m          ~~~~[0m

[96msrc/entitlement/__tests__/entitlement.service.spec.ts[0m:[93m22[0m:[93m14[0m - [91merror[0m[90m TS2304: [0mCannot find name 'jest'.

[7m22[0m     findOne: jest.fn(),
[7m  [0m [91m             ~~~~[0m

[96msrc/entitlement/__tests__/entitlement.service.spec.ts[0m:[93m26[0m:[93m14[0m - [91merror[0m[90m TS2304: [0mCannot find name 'jest'.

[7m26[0m     findOne: jest.fn(),
[7m  [0m [91m             ~~~~[0m

[96msrc/entitlement/__tests__/entitlement.service.spec.ts[0m:[93m27[0m:[93m23[0m - [91merror[0m[90m TS2304: [0mCannot find name 'jest'.

[7m27[0m     findOneAndUpdate: jest.fn(),
[7m  [0m [91m                      ~~~~[0m

[96msrc/entitlement/__tests__/entitlement.service.spec.ts[0m:[93m31[0m:[93m14[0m - [91merror[0m[90m TS2304: [0mCannot find name 'jest'.

[7m31[0m     findOne: jest.fn(),
[7m  [0m [91m             ~~~~[0m

[96msrc/entitlement/__tests__/entitlement.service.spec.ts[0m:[93m37[0m:[93m3[0m - [91merror[0m[90m TS2304: [0mCannot find name 'beforeEach'.

[7m37[0m   beforeEach(async () => {
[7m  [0m [91m  ~~~~~~~~~~[0m

[96msrc/entitlement/__tests__/entitlement.service.spec.ts[0m:[93m39[0m:[93m19[0m - [91merror[0m[90m TS2304: [0mCannot find name 'jest'.

[7m39[0m       setContext: jest.fn(),
[7m  [0m [91m                  ~~~~[0m

[96msrc/entitlement/__tests__/entitlement.service.spec.ts[0m:[93m40[0m:[93m13[0m - [91merror[0m[90m TS2304: [0mCannot find name 'jest'.

[7m40[0m       info: jest.fn(),
[7m  [0m [91m            ~~~~[0m

[96msrc/entitlement/__tests__/entitlement.service.spec.ts[0m:[93m41[0m:[93m13[0m - [91merror[0m[90m TS2304: [0mCannot find name 'jest'.

[7m41[0m       warn: jest.fn(),
[7m  [0m [91m            ~~~~[0m

[96msrc/entitlement/__tests__/entitlement.service.spec.ts[0m:[93m42[0m:[93m14[0m - [91merror[0m[90m TS2304: [0mCannot find name 'jest'.

[7m42[0m       error: jest.fn(),
[7m  [0m [91m             ~~~~[0m

[96msrc/entitlement/__tests__/entitlement.service.spec.ts[0m:[93m43[0m:[93m14[0m - [91merror[0m[90m TS2304: [0mCannot find name 'jest'.

[7m43[0m       debug: jest.fn(),
[7m  [0m [91m             ~~~~[0m

[96msrc/entitlement/__tests__/entitlement.service.spec.ts[0m:[93m61[0m:[93m3[0m - [91merror[0m[90m TS2304: [0mCannot find name 'afterEach'.

[7m61[0m   afterEach(() => {
[7m  [0m [91m  ~~~~~~~~~[0m

[96msrc/entitlement/__tests__/entitlement.service.spec.ts[0m:[93m62[0m:[93m5[0m - [91merror[0m[90m TS2304: [0mCannot find name 'jest'.

[7m62[0m     jest.clearAllMocks();
[7m  [0m [91m    ~~~~[0m

[96msrc/entitlement/__tests__/entitlement.service.spec.ts[0m:[93m65[0m:[93m3[0m - [91merror[0m[90m TS2593: [0mCannot find name 'describe'. Do you need to install type definitions for a test runner? Try `npm i --save-dev @types/jest` or `npm i --save-dev @types/mocha` and then add 'jest' or 'mocha' to the types field in your tsconfig.

[7m65[0m   describe('checkEntitlement - Boolean Features', () => {
[7m  [0m [91m  ~~~~~~~~[0m

[96msrc/entitlement/__tests__/entitlement.service.spec.ts[0m:[93m66[0m:[93m5[0m - [91merror[0m[90m TS2593: [0mCannot find name 'it'. Do you need to install type definitions for a test runner? Try `npm i --save-dev @types/jest` or `npm i --save-dev @types/mocha` and then add 'jest' or 'mocha' to the types field in your tsconfig.

[7m66[0m     it('should allow access when boolean entitlement is true', async () => {
[7m  [0m [91m    ~~[0m

[96msrc/entitlement/__tests__/entitlement.service.spec.ts[0m:[93m89[0m:[93m7[0m - [91merror[0m[90m TS2304: [0mCannot find name 'expect'.

[7m89[0m       expect(result.allowed).toBe(true);
[7m  [0m [91m      ~~~~~~[0m

[96msrc/entitlement/__tests__/entitlement.service.spec.ts[0m:[93m90[0m:[93m7[0m - [91merror[0m[90m TS2304: [0mCannot find name 'expect'.

[7m90[0m       expect(result.currentValue).toBe(true);
[7m  [0m [91m      ~~~~~~[0m

[96msrc/entitlement/__tests__/entitlement.service.spec.ts[0m:[93m93[0m:[93m5[0m - [91merror[0m[90m TS2593: [0mCannot find name 'it'. Do you need to install type definitions for a test runner? Try `npm i --save-dev @types/jest` or `npm i --save-dev @types/mocha` and then add 'jest' or 'mocha' to the types field in your tsconfig.

[7m93[0m     it('should deny access when boolean entitlement is false', async () => {
[7m  [0m [91m    ~~[0m

[96msrc/entitlement/__tests__/entitlement.service.spec.ts[0m:[93m116[0m:[93m7[0m - [91merror[0m[90m TS2304: [0mCannot find name 'expect'.

[7m116[0m       expect(result.allowed).toBe(false);
[7m   [0m [91m      ~~~~~~[0m

[96msrc/entitlement/__tests__/entitlement.service.spec.ts[0m:[93m117[0m:[93m7[0m - [91merror[0m[90m TS2304: [0mCannot find name 'expect'.

[7m117[0m       expect(result.message).toContain('requires upgrade');
[7m   [0m [91m      ~~~~~~[0m

[96msrc/entitlement/__tests__/entitlement.service.spec.ts[0m:[93m121[0m:[93m3[0m - [91merror[0m[90m TS2593: [0mCannot find name 'describe'. Do you need to install type definitions for a test runner? Try `npm i --save-dev @types/jest` or `npm i --save-dev @types/mocha` and then add 'jest' or 'mocha' to the types field in your tsconfig.

[7m121[0m   describe('checkEntitlement - Limit Features', () => {
[7m   [0m [91m  ~~~~~~~~[0m

[96msrc/entitlement/__tests__/entitlement.service.spec.ts[0m:[93m122[0m:[93m5[0m - [91merror[0m[90m TS2593: [0mCannot find name 'it'. Do you need to install type definitions for a test runner? Try `npm i --save-dev @types/jest` or `npm i --save-dev @types/mocha` and then add 'jest' or 'mocha' to the types field in your tsconfig.

[7m122[0m     it('should allow access when under limit', async () => {
[7m   [0m [91m    ~~[0m

[96msrc/entitlement/__tests__/entitlement.service.spec.ts[0m:[93m154[0m:[93m7[0m - [91merror[0m[90m TS2304: [0mCannot find name 'expect'.

[7m154[0m       expect(result.allowed).toBe(true);
[7m   [0m [91m      ~~~~~~[0m

[96msrc/entitlement/__tests__/entitlement.service.spec.ts[0m:[93m155[0m:[93m7[0m - [91merror[0m[90m TS2304: [0mCannot find name 'expect'.

[7m155[0m       expect(result.limit).toBe(50);
[7m   [0m [91m      ~~~~~~[0m

[96msrc/entitlement/__tests__/entitlement.service.spec.ts[0m:[93m156[0m:[93m7[0m - [91merror[0m[90m TS2304: [0mCannot find name 'expect'.

[7m156[0m       expect(result.usage).toBe(10);
[7m   [0m [91m      ~~~~~~[0m

[96msrc/entitlement/__tests__/entitlement.service.spec.ts[0m:[93m157[0m:[93m7[0m - [91merror[0m[90m TS2304: [0mCannot find name 'expect'.

[7m157[0m       expect(result.remaining).toBe(40);
[7m   [0m [91m      ~~~~~~[0m

[96msrc/entitlement/__tests__/entitlement.service.spec.ts[0m:[93m160[0m:[93m5[0m - [91merror[0m[90m TS2593: [0mCannot find name 'it'. Do you need to install type definitions for a test runner? Try `npm i --save-dev @types/jest` or `npm i --save-dev @types/mocha` and then add 'jest' or 'mocha' to the types field in your tsconfig.

[7m160[0m     it('should deny access when at limit', async () => {
[7m   [0m [91m    ~~[0m

[96msrc/entitlement/__tests__/entitlement.service.spec.ts[0m:[93m189[0m:[93m7[0m - [91merror[0m[90m TS2304: [0mCannot find name 'expect'.

[7m189[0m       expect(result.allowed).toBe(false);
[7m   [0m [91m      ~~~~~~[0m

[96msrc/entitlement/__tests__/entitlement.service.spec.ts[0m:[93m190[0m:[93m7[0m - [91merror[0m[90m TS2304: [0mCannot find name 'expect'.

[7m190[0m       expect(result.remaining).toBe(0);
[7m   [0m [91m      ~~~~~~[0m

[96msrc/entitlement/__tests__/entitlement.service.spec.ts[0m:[93m191[0m:[93m7[0m - [91merror[0m[90m TS2304: [0mCannot find name 'expect'.

[7m191[0m       expect(result.message).toContain('Limit reached');
[7m   [0m [91m      ~~~~~~[0m

[96msrc/entitlement/__tests__/entitlement.service.spec.ts[0m:[93m194[0m:[93m5[0m - [91merror[0m[90m TS2593: [0mCannot find name 'it'. Do you need to install type definitions for a test runner? Try `npm i --save-dev @types/jest` or `npm i --save-dev @types/mocha` and then add 'jest' or 'mocha' to the types field in your tsconfig.

[7m194[0m     it('should allow unlimited access when value is -1', async () => {
[7m   [0m [91m    ~~[0m

[96msrc/entitlement/__tests__/entitlement.service.spec.ts[0m:[93m217[0m:[93m7[0m - [91merror[0m[90m TS2304: [0mCannot find name 'expect'.

[7m217[0m       expect(result.allowed).toBe(true);
[7m   [0m [91m      ~~~~~~[0m

[96msrc/entitlement/__tests__/entitlement.service.spec.ts[0m:[93m218[0m:[93m7[0m - [91merror[0m[90m TS2304: [0mCannot find name 'expect'.

[7m218[0m       expect(result.limit).toBe(-1);
[7m   [0m [91m      ~~~~~~[0m

[96msrc/entitlement/__tests__/entitlement.service.spec.ts[0m:[93m219[0m:[93m7[0m - [91merror[0m[90m TS2304: [0mCannot find name 'expect'.

[7m219[0m       expect(result.message).toBe('Unlimited');
[7m   [0m [91m      ~~~~~~[0m

[96msrc/entitlement/__tests__/entitlement.service.spec.ts[0m:[93m222[0m:[93m5[0m - [91merror[0m[90m TS2593: [0mCannot find name 'it'. Do you need to install type definitions for a test runner? Try `npm i --save-dev @types/jest` or `npm i --save-dev @types/mocha` and then add 'jest' or 'mocha' to the types field in your tsconfig.

[7m222[0m     it('should increment usage when incrementUsage is true', async () => {
[7m   [0m [91m    ~~[0m

[96msrc/entitlement/__tests__/entitlement.service.spec.ts[0m:[93m259[0m:[93m7[0m - [91merror[0m[90m TS2304: [0mCannot find name 'expect'.

[7m259[0m       expect(result.allowed).toBe(true);
[7m   [0m [91m      ~~~~~~[0m

[96msrc/entitlement/__tests__/entitlement.service.spec.ts[0m:[93m260[0m:[93m7[0m - [91merror[0m[90m TS2304: [0mCannot find name 'expect'.

[7m260[0m       expect(mockUsageModel.findOneAndUpdate).toHaveBeenCalled();
[7m   [0m [91m      ~~~~~~[0m

[96msrc/entitlement/__tests__/entitlement.service.spec.ts[0m:[93m264[0m:[93m3[0m - [91merror[0m[90m TS2593: [0mCannot find name 'describe'. Do you need to install type definitions for a test runner? Try `npm i --save-dev @types/jest` or `npm i --save-dev @types/mocha` and then add 'jest' or 'mocha' to the types field in your tsconfig.

[7m264[0m   describe('checkEntitlement - Tier Features', () => {
[7m   [0m [91m  ~~~~~~~~[0m

[96msrc/entitlement/__tests__/entitlement.service.spec.ts[0m:[93m265[0m:[93m5[0m - [91merror[0m[90m TS2593: [0mCannot find name 'it'. Do you need to install type definitions for a test runner? Try `npm i --save-dev @types/jest` or `npm i --save-dev @types/mocha` and then add 'jest' or 'mocha' to the types field in your tsconfig.

[7m265[0m     it('should allow access when tier matches', async () => {
[7m   [0m [91m    ~~[0m

[96msrc/entitlement/__tests__/entitlement.service.spec.ts[0m:[93m289[0m:[93m7[0m - [91merror[0m[90m TS2304: [0mCannot find name 'expect'.

[7m289[0m       expect(result.allowed).toBe(true);
[7m   [0m [91m      ~~~~~~[0m

[96msrc/entitlement/__tests__/entitlement.service.spec.ts[0m:[93m290[0m:[93m7[0m - [91merror[0m[90m TS2304: [0mCannot find name 'expect'.

[7m290[0m       expect(result.currentValue).toBe('human');
[7m   [0m [91m      ~~~~~~[0m

[96msrc/entitlement/__tests__/entitlement.service.spec.ts[0m:[93m293[0m:[93m5[0m - [91merror[0m[90m TS2593: [0mCannot find name 'it'. Do you need to install type definitions for a test runner? Try `npm i --save-dev @types/jest` or `npm i --save-dev @types/mocha` and then add 'jest' or 'mocha' to the types field in your tsconfig.

[7m293[0m     it('should deny access when tier is lower than required', async () => {
[7m   [0m [91m    ~~[0m

[96msrc/entitlement/__tests__/entitlement.service.spec.ts[0m:[93m317[0m:[93m7[0m - [91merror[0m[90m TS2304: [0mCannot find name 'expect'.

[7m317[0m       expect(result.allowed).toBe(false);
[7m   [0m [91m      ~~~~~~[0m

[96msrc/entitlement/__tests__/entitlement.service.spec.ts[0m:[93m318[0m:[93m7[0m - [91merror[0m[90m TS2304: [0mCannot find name 'expect'.

[7m318[0m       expect(result.message).toContain('requires "human" tier');
[7m   [0m [91m      ~~~~~~[0m

[96msrc/entitlement/__tests__/entitlement.service.spec.ts[0m:[93m322[0m:[93m3[0m - [91merror[0m[90m TS2593: [0mCannot find name 'describe'. Do you need to install type definitions for a test runner? Try `npm i --save-dev @types/jest` or `npm i --save-dev @types/mocha` and then add 'jest' or 'mocha' to the types field in your tsconfig.

[7m322[0m   describe('checkEntitlement - Edge Cases', () => {
[7m   [0m [91m  ~~~~~~~~[0m

[96msrc/entitlement/__tests__/entitlement.service.spec.ts[0m:[93m323[0m:[93m5[0m - [91merror[0m[90m TS2593: [0mCannot find name 'it'. Do you need to install type definitions for a test runner? Try `npm i --save-dev @types/jest` or `npm i --save-dev @types/mocha` and then add 'jest' or 'mocha' to the types field in your tsconfig.

[7m323[0m     it('should deny access when user not found', async () => {
[7m   [0m [91m    ~~[0m

[96msrc/entitlement/__tests__/entitlement.service.spec.ts[0m:[93m330[0m:[93m7[0m - [91merror[0m[90m TS2304: [0mCannot find name 'expect'.

[7m330[0m       expect(result.allowed).toBe(false);
[7m   [0m [91m      ~~~~~~[0m

[96msrc/entitlement/__tests__/entitlement.service.spec.ts[0m:[93m331[0m:[93m7[0m - [91merror[0m[90m TS2304: [0mCannot find name 'expect'.

[7m331[0m       expect(result.message).toBe('User not found');
[7m   [0m [91m      ~~~~~~[0m

[96msrc/entitlement/__tests__/entitlement.service.spec.ts[0m:[93m334[0m:[93m5[0m - [91merror[0m[90m TS2593: [0mCannot find name 'it'. Do you need to install type definitions for a test runner? Try `npm i --save-dev @types/jest` or `npm i --save-dev @types/mocha` and then add 'jest' or 'mocha' to the types field in your tsconfig.

[7m334[0m     it('should deny access when plan not found', async () => {
[7m   [0m [91m    ~~[0m

[96msrc/entitlement/__tests__/entitlement.service.spec.ts[0m:[93m346[0m:[93m7[0m - [91merror[0m[90m TS2304: [0mCannot find name 'expect'.

[7m346[0m       expect(result.allowed).toBe(false);
[7m   [0m [91m      ~~~~~~[0m

[96msrc/entitlement/__tests__/entitlement.service.spec.ts[0m:[93m347[0m:[93m7[0m - [91merror[0m[90m TS2304: [0mCannot find name 'expect'.

[7m347[0m       expect(result.message).toBe('Plan not found');
[7m   [0m [91m      ~~~~~~[0m

[96msrc/entitlement/__tests__/entitlement.service.spec.ts[0m:[93m350[0m:[93m5[0m - [91merror[0m[90m TS2593: [0mCannot find name 'it'. Do you need to install type definitions for a test runner? Try `npm i --save-dev @types/jest` or `npm i --save-dev @types/mocha` and then add 'jest' or 'mocha' to the types field in your tsconfig.

[7m350[0m     it('should deny access when feature not defined for plan', async () => {
[7m   [0m [91m    ~~[0m

[96msrc/entitlement/__tests__/entitlement.service.spec.ts[0m:[93m368[0m:[93m7[0m - [91merror[0m[90m TS2304: [0mCannot find name 'expect'.

[7m368[0m       expect(result.allowed).toBe(false);
[7m   [0m [91m      ~~~~~~[0m

[96msrc/entitlement/__tests__/entitlement.service.spec.ts[0m:[93m369[0m:[93m7[0m - [91merror[0m[90m TS2304: [0mCannot find name 'expect'.

[7m369[0m       expect(result.message).toContain('not available');
[7m   [0m [91m      ~~~~~~[0m

[96msrc/schemas/index.ts[0m:[93m2[0m:[93m1[0m - [91merror[0m[90m TS2308: [0mModule './user.schema' has already exported a member named 'PlanType'. Consider explicitly re-exporting to resolve the ambiguity.

[7m2[0m export * from './subscription-plan.schema';
[7m [0m [91m~~~~~~~~~~~~~~~~~~~~~~~~~~~~~~~~~~~~~~~~~~~[0m

[96msrc/schemas/index.ts[0m:[93m4[0m:[93m1[0m - [91merror[0m[90m TS2308: [0mModule './user.schema' has already exported a member named 'SubscriptionStatus'. Consider explicitly re-exporting to resolve the ambiguity.

[7m4[0m export * from './user-subscription.schema';
[7m [0m [91m~~~~~~~~~~~~~~~~~~~~~~~~~~~~~~~~~~~~~~~~~~~[0m

[96msrc/schemas/user.schema.ts[0m:[93m17[0m:[93m11[0m - [91merror[0m[90m TS2339: [0mProperty 'id' does not exist on type 'Required<{ _id: unknown; }> & { __v: number; }'.

[7m17[0m       ret.id = ret._id;
[7m  [0m [91m          ~~[0m

[96msrc/schemas/user.schema.ts[0m:[93m20[0m:[93m18[0m - [91merror[0m[90m TS2339: [0mProperty 'password' does not exist on type 'Required<{ _id: unknown; }> & { __v: number; }'.

[7m20[0m       delete ret.password;
[7m  [0m [91m                 ~~~~~~~~[0m

[[90m3:30:13 p.m.[0m] Found 154 errors. Watching for file changes.

[2J[3J[H[[90m3:30:30 p.m.[0m] File change detected. Starting incremental compilation...

[96msrc/billing/__tests__/billing.service.spec.ts[0m:[93m8[0m:[93m1[0m - [91merror[0m[90m TS2593: [0mCannot find name 'describe'. Do you need to install type definitions for a test runner? Try `npm i --save-dev @types/jest` or `npm i --save-dev @types/mocha` and then add 'jest' or 'mocha' to the types field in your tsconfig.

[7m8[0m describe('BillingService', () => {
[7m [0m [91m~~~~~~~~[0m

[96msrc/billing/__tests__/billing.service.spec.ts[0m:[93m14[0m:[93m15[0m - [91merror[0m[90m TS2304: [0mCannot find name 'jest'.

[7m14[0m     findById: jest.fn(),
[7m  [0m [91m              ~~~~[0m

[96msrc/billing/__tests__/billing.service.spec.ts[0m:[93m15[0m:[93m24[0m - [91merror[0m[90m TS2304: [0mCannot find name 'jest'.

[7m15[0m     findByIdAndUpdate: jest.fn(),
[7m  [0m [91m                       ~~~~[0m

[96msrc/billing/__tests__/billing.service.spec.ts[0m:[93m16[0m:[93m14[0m - [91merror[0m[90m TS2304: [0mCannot find name 'jest'.

[7m16[0m     findOne: jest.fn(),
[7m  [0m [91m             ~~~~[0m

[96msrc/billing/__tests__/billing.service.spec.ts[0m:[93m20[0m:[93m11[0m - [91merror[0m[90m TS2304: [0mCannot find name 'jest'.

[7m20[0m     find: jest.fn(),
[7m  [0m [91m          ~~~~[0m

[96msrc/billing/__tests__/billing.service.spec.ts[0m:[93m21[0m:[93m15[0m - [91merror[0m[90m TS2304: [0mCannot find name 'jest'.

[7m21[0m     findById: jest.fn(),
[7m  [0m [91m              ~~~~[0m

[96msrc/billing/__tests__/billing.service.spec.ts[0m:[93m22[0m:[93m14[0m - [91merror[0m[90m TS2304: [0mCannot find name 'jest'.

[7m22[0m     findOne: jest.fn(),
[7m  [0m [91m             ~~~~[0m

[96msrc/billing/__tests__/billing.service.spec.ts[0m:[93m26[0m:[93m14[0m - [91merror[0m[90m TS2304: [0mCannot find name 'jest'.

[7m26[0m     findOne: jest.fn(),
[7m  [0m [91m             ~~~~[0m

[96msrc/billing/__tests__/billing.service.spec.ts[0m:[93m27[0m:[93m24[0m - [91merror[0m[90m TS2304: [0mCannot find name 'jest'.

[7m27[0m     findByIdAndUpdate: jest.fn(),
[7m  [0m [91m                       ~~~~[0m

[96msrc/billing/__tests__/billing.service.spec.ts[0m:[93m28[0m:[93m13[0m - [91merror[0m[90m TS2304: [0mCannot find name 'jest'.

[7m28[0m     create: jest.fn(),
[7m  [0m [91m            ~~~~[0m

[96msrc/billing/__tests__/billing.service.spec.ts[0m:[93m29[0m:[93m16[0m - [91merror[0m[90m TS2304: [0mCannot find name 'jest'.

[7m29[0m     updateOne: jest.fn(),
[7m  [0m [91m               ~~~~[0m

[96msrc/billing/__tests__/billing.service.spec.ts[0m:[93m33[0m:[93m14[0m - [91merror[0m[90m TS2304: [0mCannot find name 'jest'.

[7m33[0m     findOne: jest.fn(),
[7m  [0m [91m             ~~~~[0m

[96msrc/billing/__tests__/billing.service.spec.ts[0m:[93m34[0m:[93m23[0m - [91merror[0m[90m TS2304: [0mCannot find name 'jest'.

[7m34[0m     findOneAndUpdate: jest.fn(),
[7m  [0m [91m                      ~~~~[0m

[96msrc/billing/__tests__/billing.service.spec.ts[0m:[93m37[0m:[93m3[0m - [91merror[0m[90m TS2304: [0mCannot find name 'beforeEach'.

[7m37[0m   beforeEach(async () => {
[7m  [0m [91m  ~~~~~~~~~~[0m

[96msrc/billing/__tests__/billing.service.spec.ts[0m:[93m39[0m:[93m12[0m - [91merror[0m[90m TS2304: [0mCannot find name 'jest'.

[7m39[0m       get: jest.fn().mockImplementation((key: string, defaultValue?: any) => {
[7m  [0m [91m           ~~~~[0m

[96msrc/billing/__tests__/billing.service.spec.ts[0m:[93m50[0m:[93m19[0m - [91merror[0m[90m TS2304: [0mCannot find name 'jest'.

[7m50[0m       setContext: jest.fn(),
[7m  [0m [91m                  ~~~~[0m

[96msrc/billing/__tests__/billing.service.spec.ts[0m:[93m51[0m:[93m13[0m - [91merror[0m[90m TS2304: [0mCannot find name 'jest'.

[7m51[0m       info: jest.fn(),
[7m  [0m [91m            ~~~~[0m

[96msrc/billing/__tests__/billing.service.spec.ts[0m:[93m52[0m:[93m13[0m - [91merror[0m[90m TS2304: [0mCannot find name 'jest'.

[7m52[0m       warn: jest.fn(),
[7m  [0m [91m            ~~~~[0m

[96msrc/billing/__tests__/billing.service.spec.ts[0m:[93m53[0m:[93m14[0m - [91merror[0m[90m TS2304: [0mCannot find name 'jest'.

[7m53[0m       error: jest.fn(),
[7m  [0m [91m             ~~~~[0m

[96msrc/billing/__tests__/billing.service.spec.ts[0m:[93m54[0m:[93m14[0m - [91merror[0m[90m TS2304: [0mCannot find name 'jest'.

[7m54[0m       debug: jest.fn(),
[7m  [0m [91m             ~~~~[0m

[96msrc/billing/__tests__/billing.service.spec.ts[0m:[93m72[0m:[93m3[0m - [91merror[0m[90m TS2304: [0mCannot find name 'afterEach'.

[7m72[0m   afterEach(() => {
[7m  [0m [91m  ~~~~~~~~~[0m

[96msrc/billing/__tests__/billing.service.spec.ts[0m:[93m73[0m:[93m5[0m - [91merror[0m[90m TS2304: [0mCannot find name 'jest'.

[7m73[0m     jest.clearAllMocks();
[7m  [0m [91m    ~~~~[0m

[96msrc/billing/__tests__/billing.service.spec.ts[0m:[93m76[0m:[93m3[0m - [91merror[0m[90m TS2593: [0mCannot find name 'describe'. Do you need to install type definitions for a test runner? Try `npm i --save-dev @types/jest` or `npm i --save-dev @types/mocha` and then add 'jest' or 'mocha' to the types field in your tsconfig.

[7m76[0m   describe('handleStripeWebhook', () => {
[7m  [0m [91m  ~~~~~~~~[0m

[96msrc/billing/__tests__/billing.service.spec.ts[0m:[93m77[0m:[93m5[0m - [91merror[0m[90m TS2593: [0mCannot find name 'it'. Do you need to install type definitions for a test runner? Try `npm i --save-dev @types/jest` or `npm i --save-dev @types/mocha` and then add 'jest' or 'mocha' to the types field in your tsconfig.

[7m77[0m     it('should throw BadRequestException for invalid signature', async () => {
[7m  [0m [91m    ~~[0m

[96msrc/billing/__tests__/billing.service.spec.ts[0m:[93m81[0m:[93m13[0m - [91merror[0m[90m TS2304: [0mCannot find name 'expect'.

[7m81[0m       await expect(
[7m  [0m [91m            ~~~~~~[0m

[96msrc/billing/__tests__/billing.service.spec.ts[0m:[93m85[0m:[93m7[0m - [91merror[0m[90m TS2304: [0mCannot find name 'expect'.

[7m85[0m       expect(mockLogger.error).toHaveBeenCalledWith(
[7m  [0m [91m      ~~~~~~[0m

[96msrc/billing/__tests__/billing.service.spec.ts[0m:[93m86[0m:[93m9[0m - [91merror[0m[90m TS2304: [0mCannot find name 'expect'.

[7m86[0m         expect.objectContaining({ error: expect.any(String) }),
[7m  [0m [91m        ~~~~~~[0m

[96msrc/billing/__tests__/billing.service.spec.ts[0m:[93m86[0m:[93m42[0m - [91merror[0m[90m TS2304: [0mCannot find name 'expect'.

[7m86[0m         expect.objectContaining({ error: expect.any(String) }),
[7m  [0m [91m                                         ~~~~~~[0m

[96msrc/billing/__tests__/billing.service.spec.ts[0m:[93m91[0m:[93m5[0m - [91merror[0m[90m TS2593: [0mCannot find name 'it'. Do you need to install type definitions for a test runner? Try `npm i --save-dev @types/jest` or `npm i --save-dev @types/mocha` and then add 'jest' or 'mocha' to the types field in your tsconfig.

[7m91[0m     it('should validate webhook signature format', async () => {
[7m  [0m [91m    ~~[0m

[96msrc/billing/__tests__/billing.service.spec.ts[0m:[93m95[0m:[93m13[0m - [91merror[0m[90m TS2304: [0mCannot find name 'expect'.

[7m95[0m       await expect(
[7m  [0m [91m            ~~~~~~[0m

[96msrc/billing/__tests__/billing.service.spec.ts[0m:[93m104[0m:[93m3[0m - [91merror[0m[90m TS2593: [0mCannot find name 'describe'. Do you need to install type definitions for a test runner? Try `npm i --save-dev @types/jest` or `npm i --save-dev @types/mocha` and then add 'jest' or 'mocha' to the types field in your tsconfig.

[7m104[0m   describe('getPlans', () => {
[7m   [0m [91m  ~~~~~~~~[0m

[96msrc/billing/__tests__/billing.service.spec.ts[0m:[93m105[0m:[93m5[0m - [91merror[0m[90m TS2593: [0mCannot find name 'it'. Do you need to install type definitions for a test runner? Try `npm i --save-dev @types/jest` or `npm i --save-dev @types/mocha` and then add 'jest' or 'mocha' to the types field in your tsconfig.

[7m105[0m     it('should return active plans sorted by order', async () => {
[7m   [0m [91m    ~~[0m

[96msrc/billing/__tests__/billing.service.spec.ts[0m:[93m112[0m:[93m15[0m - [91merror[0m[90m TS2304: [0mCannot find name 'jest'.

[7m112[0m         sort: jest.fn().mockResolvedValue(mockPlans),
[7m   [0m [91m              ~~~~[0m

[96msrc/billing/__tests__/billing.service.spec.ts[0m:[93m117[0m:[93m7[0m - [91merror[0m[90m TS2304: [0mCannot find name 'expect'.

[7m117[0m       expect(mockPlanModel.find).toHaveBeenCalledWith({ isActive: true });
[7m   [0m [91m      ~~~~~~[0m

[96msrc/billing/__tests__/billing.service.spec.ts[0m:[93m118[0m:[93m7[0m - [91merror[0m[90m TS2304: [0mCannot find name 'expect'.

[7m118[0m       expect(result).toEqual(mockPlans);
[7m   [0m [91m      ~~~~~~[0m

[96msrc/billing/__tests__/billing.service.spec.ts[0m:[93m122[0m:[93m3[0m - [91merror[0m[90m TS2593: [0mCannot find name 'describe'. Do you need to install type definitions for a test runner? Try `npm i --save-dev @types/jest` or `npm i --save-dev @types/mocha` and then add 'jest' or 'mocha' to the types field in your tsconfig.

[7m122[0m   describe('recordUsage', () => {
[7m   [0m [91m  ~~~~~~~~[0m

[96msrc/billing/__tests__/billing.service.spec.ts[0m:[93m123[0m:[93m5[0m - [91merror[0m[90m TS2593: [0mCannot find name 'it'. Do you need to install type definitions for a test runner? Try `npm i --save-dev @types/jest` or `npm i --save-dev @types/mocha` and then add 'jest' or 'mocha' to the types field in your tsconfig.

[7m123[0m     it('should increment usage for a feature', async () => {
[7m   [0m [91m    ~~[0m

[96msrc/billing/__tests__/billing.service.spec.ts[0m:[93m140[0m:[93m7[0m - [91merror[0m[90m TS2304: [0mCannot find name 'expect'.

[7m140[0m       expect(mockUsageModel.findOneAndUpdate).toHaveBeenCalled();
[7m   [0m [91m      ~~~~~~[0m

[96msrc/billing/__tests__/billing.service.spec.ts[0m:[93m141[0m:[93m7[0m - [91merror[0m[90m TS2304: [0mCannot find name 'expect'.

[7m141[0m       expect(result.count).toBe(5);
[7m   [0m [91m      ~~~~~~[0m

[96msrc/billing/__tests__/billing.service.spec.ts[0m:[93m145[0m:[93m3[0m - [91merror[0m[90m TS2593: [0mCannot find name 'describe'. Do you need to install type definitions for a test runner? Try `npm i --save-dev @types/jest` or `npm i --save-dev @types/mocha` and then add 'jest' or 'mocha' to the types field in your tsconfig.

[7m145[0m   describe('getUsage', () => {
[7m   [0m [91m  ~~~~~~~~[0m

[96msrc/billing/__tests__/billing.service.spec.ts[0m:[93m146[0m:[93m5[0m - [91merror[0m[90m TS2593: [0mCannot find name 'it'. Do you need to install type definitions for a test runner? Try `npm i --save-dev @types/jest` or `npm i --save-dev @types/mocha` and then add 'jest' or 'mocha' to the types field in your tsconfig.

[7m146[0m     it('should return current usage for a feature', async () => {
[7m   [0m [91m    ~~[0m

[96msrc/billing/__tests__/billing.service.spec.ts[0m:[93m161[0m:[93m7[0m - [91merror[0m[90m TS2304: [0mCannot find name 'expect'.

[7m161[0m       expect(result).toBe(42);
[7m   [0m [91m      ~~~~~~[0m

[96msrc/billing/__tests__/billing.service.spec.ts[0m:[93m164[0m:[93m5[0m - [91merror[0m[90m TS2593: [0mCannot find name 'it'. Do you need to install type definitions for a test runner? Try `npm i --save-dev @types/jest` or `npm i --save-dev @types/mocha` and then add 'jest' or 'mocha' to the types field in your tsconfig.

[7m164[0m     it('should return 0 if no usage record exists', async () => {
[7m   [0m [91m    ~~[0m

[96msrc/billing/__tests__/billing.service.spec.ts[0m:[93m173[0m:[93m7[0m - [91merror[0m[90m TS2304: [0mCannot find name 'expect'.

[7m173[0m       expect(result).toBe(0);
[7m   [0m [91m      ~~~~~~[0m

[96msrc/billing/billing.service.ts[0m:[93m81[0m:[93m17[0m - [91merror[0m[90m TS2339: [0mProperty 'info' does not exist on type 'Logger'.

[7m81[0m     this.logger.info({ userId: user._id, customerId: customer.id }, 'Stripe customer created');
[7m  [0m [91m                ~~~~[0m

[96msrc/billing/billing.service.ts[0m:[93m133[0m:[93m17[0m - [91merror[0m[90m TS2339: [0mProperty 'info' does not exist on type 'Logger'.

[7m133[0m     this.logger.info(
[7m   [0m [91m                ~~~~[0m

[96msrc/billing/billing.service.ts[0m:[93m178[0m:[93m19[0m - [91merror[0m[90m TS2339: [0mProperty 'info' does not exist on type 'Logger'.

[7m178[0m       this.logger.info(
[7m   [0m [91m                  ~~~~[0m

[96msrc/billing/billing.service.ts[0m:[93m194[0m:[93m19[0m - [91merror[0m[90m TS2339: [0mProperty 'info' does not exist on type 'Logger'.

[7m194[0m       this.logger.info(
[7m   [0m [91m                  ~~~~[0m

[96msrc/billing/billing.service.ts[0m:[93m221[0m:[93m17[0m - [91merror[0m[90m TS2339: [0mProperty 'info' does not exist on type 'Logger'.

[7m221[0m     this.logger.info(
[7m   [0m [91m                ~~~~[0m

[96msrc/billing/billing.service.ts[0m:[93m241[0m:[93m17[0m - [91merror[0m[90m TS2339: [0mProperty 'info' does not exist on type 'Logger'.

[7m241[0m     this.logger.info({ userId }, 'User downgraded to free plan');
[7m   [0m [91m                ~~~~[0m

[96msrc/billing/billing.service.ts[0m:[93m261[0m:[93m17[0m - [91merror[0m[90m TS2339: [0mProperty 'info' does not exist on type 'Logger'.

[7m261[0m     this.logger.info({ eventType: event.type, eventId: event.id }, 'Processing Stripe webhook');
[7m   [0m [91m                ~~~~[0m

[96msrc/billing/billing.service.ts[0m:[93m303[0m:[93m17[0m - [91merror[0m[90m TS2339: [0mProperty 'info' does not exist on type 'Logger'.

[7m303[0m     this.logger.info(
[7m   [0m [91m                ~~~~[0m

[96msrc/billing/billing.service.ts[0m:[93m370[0m:[93m17[0m - [91merror[0m[90m TS2339: [0mProperty 'info' does not exist on type 'Logger'.

[7m370[0m     this.logger.info(
[7m   [0m [91m                ~~~~[0m

[96msrc/billing/billing.service.ts[0m:[93m394[0m:[93m17[0m - [91merror[0m[90m TS2339: [0mProperty 'info' does not exist on type 'Logger'.

[7m394[0m     this.logger.info({ userId, subscriptionId: subscription.id }, 'Subscription deleted');
[7m   [0m [91m                ~~~~[0m

[96msrc/billing/billing.service.ts[0m:[93m402[0m:[93m19[0m - [91merror[0m[90m TS2339: [0mProperty 'info' does not exist on type 'Logger'.

[7m402[0m       this.logger.info({ userId: user._id, invoiceId: invoice.id }, 'Payment succeeded');
[7m   [0m [91m                  ~~~~[0m

[96msrc/billing/billing.service.ts[0m:[93m480[0m:[93m17[0m - [91merror[0m[90m TS2339: [0mProperty 'info' does not exist on type 'Logger'.

[7m480[0m     this.logger.info({ userId, periodStart, periodEnd }, 'Usage reset for new period');
[7m   [0m [91m                ~~~~[0m

[96msrc/common/decorators/roles.decorator.ts[0m:[93m2[0m:[93m26[0m - [91merror[0m[90m TS2307: [0mCannot find module '@jobocate/contracts' or its corresponding type declarations.

[7m2[0m import { UserRole } from '@jobocate/contracts';
[7m [0m [91m                         ~~~~~~~~~~~~~~~~~~~~~[0m

[96msrc/entitlement/__tests__/entitlement.guard.spec.ts[0m:[93m6[0m:[93m29[0m - [91merror[0m[90m TS2307: [0mCannot find module '@jobocate/contracts' or its corresponding type declarations.

[7m6[0m import { FeatureKeys } from '@jobocate/contracts';
[7m [0m [91m                            ~~~~~~~~~~~~~~~~~~~~~[0m

[96msrc/entitlement/__tests__/entitlement.guard.spec.ts[0m:[93m8[0m:[93m1[0m - [91merror[0m[90m TS2593: [0mCannot find name 'describe'. Do you need to install type definitions for a test runner? Try `npm i --save-dev @types/jest` or `npm i --save-dev @types/mocha` and then add 'jest' or 'mocha' to the types field in your tsconfig.

[7m8[0m describe('EntitlementGuard', () => {
[7m [0m [91m~~~~~~~~[0m

[96msrc/entitlement/__tests__/entitlement.guard.spec.ts[0m:[93m14[0m:[93m23[0m - [91merror[0m[90m TS2304: [0mCannot find name 'jest'.

[7m14[0m     checkEntitlement: jest.fn(),
[7m  [0m [91m                      ~~~~[0m

[96msrc/entitlement/__tests__/entitlement.guard.spec.ts[0m:[93m30[0m:[93m3[0m - [91merror[0m[90m TS2304: [0mCannot find name 'beforeEach'.

[7m30[0m   beforeEach(async () => {
[7m  [0m [91m  ~~~~~~~~~~[0m

[96msrc/entitlement/__tests__/entitlement.guard.spec.ts[0m:[93m44[0m:[93m3[0m - [91merror[0m[90m TS2304: [0mCannot find name 'afterEach'.

[7m44[0m   afterEach(() => {
[7m  [0m [91m  ~~~~~~~~~[0m

[96msrc/entitlement/__tests__/entitlement.guard.spec.ts[0m:[93m45[0m:[93m5[0m - [91merror[0m[90m TS2304: [0mCannot find name 'jest'.

[7m45[0m     jest.clearAllMocks();
[7m  [0m [91m    ~~~~[0m

[96msrc/entitlement/__tests__/entitlement.guard.spec.ts[0m:[93m48[0m:[93m3[0m - [91merror[0m[90m TS2593: [0mCannot find name 'describe'. Do you need to install type definitions for a test runner? Try `npm i --save-dev @types/jest` or `npm i --save-dev @types/mocha` and then add 'jest' or 'mocha' to the types field in your tsconfig.

[7m48[0m   describe('canActivate', () => {
[7m  [0m [91m  ~~~~~~~~[0m

[96msrc/entitlement/__tests__/entitlement.guard.spec.ts[0m:[93m49[0m:[93m5[0m - [91merror[0m[90m TS2593: [0mCannot find name 'it'. Do you need to install type definitions for a test runner? Try `npm i --save-dev @types/jest` or `npm i --save-dev @types/mocha` and then add 'jest' or 'mocha' to the types field in your tsconfig.

[7m49[0m     it('should allow access when no entitlement metadata is set', async () => {
[7m  [0m [91m    ~~[0m

[96msrc/entitlement/__tests__/entitlement.guard.spec.ts[0m:[93m50[0m:[93m7[0m - [91merror[0m[90m TS2304: [0mCannot find name 'jest'.

[7m50[0m       jest.spyOn(reflector, 'getAllAndOverride').mockReturnValue(undefined);
[7m  [0m [91m      ~~~~[0m

[96msrc/entitlement/__tests__/entitlement.guard.spec.ts[0m:[93m55[0m:[93m7[0m - [91merror[0m[90m TS2304: [0mCannot find name 'expect'.

[7m55[0m       expect(result).toBe(true);
[7m  [0m [91m      ~~~~~~[0m

[96msrc/entitlement/__tests__/entitlement.guard.spec.ts[0m:[93m56[0m:[93m7[0m - [91merror[0m[90m TS2304: [0mCannot find name 'expect'.

[7m56[0m       expect(mockEntitlementService.checkEntitlement).not.toHaveBeenCalled();
[7m  [0m [91m      ~~~~~~[0m

[96msrc/entitlement/__tests__/entitlement.guard.spec.ts[0m:[93m59[0m:[93m5[0m - [91merror[0m[90m TS2593: [0mCannot find name 'it'. Do you need to install type definitions for a test runner? Try `npm i --save-dev @types/jest` or `npm i --save-dev @types/mocha` and then add 'jest' or 'mocha' to the types field in your tsconfig.

[7m59[0m     it('should throw ForbiddenException when no user in request', async () => {
[7m  [0m [91m    ~~[0m

[96msrc/entitlement/__tests__/entitlement.guard.spec.ts[0m:[93m63[0m:[93m7[0m - [91merror[0m[90m TS2304: [0mCannot find name 'jest'.

[7m63[0m       jest.spyOn(reflector, 'getAllAndOverride').mockReturnValue(metadata);
[7m  [0m [91m      ~~~~[0m

[96msrc/entitlement/__tests__/entitlement.guard.spec.ts[0m:[93m67[0m:[93m13[0m - [91merror[0m[90m TS2304: [0mCannot find name 'expect'.

[7m67[0m       await expect(guard.canActivate(context)).rejects.toThrow(ForbiddenException);
[7m  [0m [91m            ~~~~~~[0m

[96msrc/entitlement/__tests__/entitlement.guard.spec.ts[0m:[93m68[0m:[93m13[0m - [91merror[0m[90m TS2304: [0mCannot find name 'expect'.

[7m68[0m       await expect(guard.canActivate(context)).rejects.toThrow('Authentication required');
[7m  [0m [91m            ~~~~~~[0m

[96msrc/entitlement/__tests__/entitlement.guard.spec.ts[0m:[93m71[0m:[93m5[0m - [91merror[0m[90m TS2593: [0mCannot find name 'it'. Do you need to install type definitions for a test runner? Try `npm i --save-dev @types/jest` or `npm i --save-dev @types/mocha` and then add 'jest' or 'mocha' to the types field in your tsconfig.

[7m71[0m     it('should allow access when entitlement check passes', async () => {
[7m  [0m [91m    ~~[0m

[96msrc/entitlement/__tests__/entitlement.guard.spec.ts[0m:[93m75[0m:[93m7[0m - [91merror[0m[90m TS2304: [0mCannot find name 'jest'.

[7m75[0m       jest.spyOn(reflector, 'getAllAndOverride').mockReturnValue(metadata);
[7m  [0m [91m      ~~~~[0m

[96msrc/entitlement/__tests__/entitlement.guard.spec.ts[0m:[93m87[0m:[93m7[0m - [91merror[0m[90m TS2304: [0mCannot find name 'expect'.

[7m87[0m       expect(result).toBe(true);
[7m  [0m [91m      ~~~~~~[0m

[96msrc/entitlement/__tests__/entitlement.guard.spec.ts[0m:[93m88[0m:[93m7[0m - [91merror[0m[90m TS2304: [0mCannot find name 'expect'.

[7m88[0m       expect(mockEntitlementService.checkEntitlement).toHaveBeenCalledWith(
[7m  [0m [91m      ~~~~~~[0m

[96msrc/entitlement/__tests__/entitlement.guard.spec.ts[0m:[93m98[0m:[93m5[0m - [91merror[0m[90m TS2593: [0mCannot find name 'it'. Do you need to install type definitions for a test runner? Try `npm i --save-dev @types/jest` or `npm i --save-dev @types/mocha` and then add 'jest' or 'mocha' to the types field in your tsconfig.

[7m98[0m     it('should throw ForbiddenException when entitlement check fails', async () => {
[7m  [0m [91m    ~~[0m

[96msrc/entitlement/__tests__/entitlement.guard.spec.ts[0m:[93m102[0m:[93m7[0m - [91merror[0m[90m TS2304: [0mCannot find name 'jest'.

[7m102[0m       jest.spyOn(reflector, 'getAllAndOverride').mockReturnValue(metadata);
[7m   [0m [91m      ~~~~[0m

[96msrc/entitlement/__tests__/entitlement.guard.spec.ts[0m:[93m113[0m:[93m13[0m - [91merror[0m[90m TS2304: [0mCannot find name 'expect'.

[7m113[0m       await expect(guard.canActivate(context)).rejects.toThrow(ForbiddenException);
[7m   [0m [91m            ~~~~~~[0m

[96msrc/entitlement/__tests__/entitlement.guard.spec.ts[0m:[93m114[0m:[93m13[0m - [91merror[0m[90m TS2304: [0mCannot find name 'expect'.

[7m114[0m       await expect(guard.canActivate(context)).rejects.toThrow(
[7m   [0m [91m            ~~~~~~[0m

[96msrc/entitlement/__tests__/entitlement.guard.spec.ts[0m:[93m119[0m:[93m5[0m - [91merror[0m[90m TS2593: [0mCannot find name 'it'. Do you need to install type definitions for a test runner? Try `npm i --save-dev @types/jest` or `npm i --save-dev @types/mocha` and then add 'jest' or 'mocha' to the types field in your tsconfig.

[7m119[0m     it('should pass incrementUsage option to service', async () => {
[7m   [0m [91m    ~~[0m

[96msrc/entitlement/__tests__/entitlement.guard.spec.ts[0m:[93m124[0m:[93m7[0m - [91merror[0m[90m TS2304: [0mCannot find name 'jest'.

[7m124[0m       jest.spyOn(reflector, 'getAllAndOverride').mockReturnValue(metadata);
[7m   [0m [91m      ~~~~[0m

[96msrc/entitlement/__tests__/entitlement.guard.spec.ts[0m:[93m138[0m:[93m7[0m - [91merror[0m[90m TS2304: [0mCannot find name 'expect'.

[7m138[0m       expect(mockEntitlementService.checkEntitlement).toHaveBeenCalledWith(
[7m   [0m [91m      ~~~~~~[0m

[96msrc/entitlement/__tests__/entitlement.guard.spec.ts[0m:[93m140[0m:[93m9[0m - [91merror[0m[90m TS2304: [0mCannot find name 'expect'.

[7m140[0m         expect.objectContaining({
[7m   [0m [91m        ~~~~~~[0m

[96msrc/entitlement/__tests__/entitlement.guard.spec.ts[0m:[93m146[0m:[93m5[0m - [91merror[0m[90m TS2593: [0mCannot find name 'it'. Do you need to install type definitions for a test runner? Try `npm i --save-dev @types/jest` or `npm i --save-dev @types/mocha` and then add 'jest' or 'mocha' to the types field in your tsconfig.

[7m146[0m     it('should pass requiredValue option for tier checks', async () => {
[7m   [0m [91m    ~~[0m

[96msrc/entitlement/__tests__/entitlement.guard.spec.ts[0m:[93m151[0m:[93m7[0m - [91merror[0m[90m TS2304: [0mCannot find name 'jest'.

[7m151[0m       jest.spyOn(reflector, 'getAllAndOverride').mockReturnValue(metadata);
[7m   [0m [91m      ~~~~[0m

[96msrc/entitlement/__tests__/entitlement.guard.spec.ts[0m:[93m163[0m:[93m7[0m - [91merror[0m[90m TS2304: [0mCannot find name 'expect'.

[7m163[0m       expect(mockEntitlementService.checkEntitlement).toHaveBeenCalledWith(
[7m   [0m [91m      ~~~~~~[0m

[96msrc/entitlement/__tests__/entitlement.guard.spec.ts[0m:[93m165[0m:[93m9[0m - [91merror[0m[90m TS2304: [0mCannot find name 'expect'.

[7m165[0m         expect.objectContaining({
[7m   [0m [91m        ~~~~~~[0m

[96msrc/entitlement/__tests__/entitlement.guard.spec.ts[0m:[93m171[0m:[93m5[0m - [91merror[0m[90m TS2593: [0mCannot find name 'it'. Do you need to install type definitions for a test runner? Try `npm i --save-dev @types/jest` or `npm i --save-dev @types/mocha` and then add 'jest' or 'mocha' to the types field in your tsconfig.

[7m171[0m     it('should attach entitlement result to request', async () => {
[7m   [0m [91m    ~~[0m

[96msrc/entitlement/__tests__/entitlement.guard.spec.ts[0m:[93m175[0m:[93m7[0m - [91merror[0m[90m TS2304: [0mCannot find name 'jest'.

[7m175[0m       jest.spyOn(reflector, 'getAllAndOverride').mockReturnValue(metadata);
[7m   [0m [91m      ~~~~[0m

[96msrc/entitlement/__tests__/entitlement.guard.spec.ts[0m:[93m199[0m:[93m7[0m - [91merror[0m[90m TS2304: [0mCannot find name 'expect'.

[7m199[0m       expect(request.entitlementCheck).toEqual(checkResult);
[7m   [0m [91m      ~~~~~~[0m

[96msrc/entitlement/__tests__/entitlement.service.spec.ts[0m:[93m6[0m:[93m29[0m - [91merror[0m[90m TS2307: [0mCannot find module '@jobocate/contracts' or its corresponding type declarations.

[7m6[0m import { FeatureKeys } from '@jobocate/contracts';
[7m [0m [91m                            ~~~~~~~~~~~~~~~~~~~~~[0m

[96msrc/entitlement/__tests__/entitlement.service.spec.ts[0m:[93m8[0m:[93m1[0m - [91merror[0m[90m TS2593: [0mCannot find name 'describe'. Do you need to install type definitions for a test runner? Try `npm i --save-dev @types/jest` or `npm i --save-dev @types/mocha` and then add 'jest' or 'mocha' to the types field in your tsconfig.

[7m8[0m describe('EntitlementService', () => {
[7m [0m [91m~~~~~~~~[0m

[96msrc/entitlement/__tests__/entitlement.service.spec.ts[0m:[93m13[0m:[93m15[0m - [91merror[0m[90m TS2304: [0mCannot find name 'jest'.

[7m13[0m     findById: jest.fn(),
[7m  [0m [91m              ~~~~[0m

[96msrc/entitlement/__tests__/entitlement.service.spec.ts[0m:[93m17[0m:[93m14[0m - [91merror[0m[90m TS2304: [0mCannot find name 'jest'.

[7m17[0m     findOne: jest.fn(),
[7m  [0m [91m             ~~~~[0m

[96msrc/entitlement/__tests__/entitlement.service.spec.ts[0m:[93m18[0m:[93m11[0m - [91merror[0m[90m TS2304: [0mCannot find name 'jest'.

[7m18[0m     find: jest.fn(),
[7m  [0m [91m          ~~~~[0m

[96msrc/entitlement/__tests__/entitlement.service.spec.ts[0m:[93m22[0m:[93m14[0m - [91merror[0m[90m TS2304: [0mCannot find name 'jest'.

[7m22[0m     findOne: jest.fn(),
[7m  [0m [91m             ~~~~[0m

[96msrc/entitlement/__tests__/entitlement.service.spec.ts[0m:[93m26[0m:[93m14[0m - [91merror[0m[90m TS2304: [0mCannot find name 'jest'.

[7m26[0m     findOne: jest.fn(),
[7m  [0m [91m             ~~~~[0m

[96msrc/entitlement/__tests__/entitlement.service.spec.ts[0m:[93m27[0m:[93m23[0m - [91merror[0m[90m TS2304: [0mCannot find name 'jest'.

[7m27[0m     findOneAndUpdate: jest.fn(),
[7m  [0m [91m                      ~~~~[0m

[96msrc/entitlement/__tests__/entitlement.service.spec.ts[0m:[93m31[0m:[93m14[0m - [91merror[0m[90m TS2304: [0mCannot find name 'jest'.

[7m31[0m     findOne: jest.fn(),
[7m  [0m [91m             ~~~~[0m

[96msrc/entitlement/__tests__/entitlement.service.spec.ts[0m:[93m37[0m:[93m3[0m - [91merror[0m[90m TS2304: [0mCannot find name 'beforeEach'.

[7m37[0m   beforeEach(async () => {
[7m  [0m [91m  ~~~~~~~~~~[0m

[96msrc/entitlement/__tests__/entitlement.service.spec.ts[0m:[93m39[0m:[93m19[0m - [91merror[0m[90m TS2304: [0mCannot find name 'jest'.

[7m39[0m       setContext: jest.fn(),
[7m  [0m [91m                  ~~~~[0m

[96msrc/entitlement/__tests__/entitlement.service.spec.ts[0m:[93m40[0m:[93m13[0m - [91merror[0m[90m TS2304: [0mCannot find name 'jest'.

[7m40[0m       info: jest.fn(),
[7m  [0m [91m            ~~~~[0m

[96msrc/entitlement/__tests__/entitlement.service.spec.ts[0m:[93m41[0m:[93m13[0m - [91merror[0m[90m TS2304: [0mCannot find name 'jest'.

[7m41[0m       warn: jest.fn(),
[7m  [0m [91m            ~~~~[0m

[96msrc/entitlement/__tests__/entitlement.service.spec.ts[0m:[93m42[0m:[93m14[0m - [91merror[0m[90m TS2304: [0mCannot find name 'jest'.

[7m42[0m       error: jest.fn(),
[7m  [0m [91m             ~~~~[0m

[96msrc/entitlement/__tests__/entitlement.service.spec.ts[0m:[93m43[0m:[93m14[0m - [91merror[0m[90m TS2304: [0mCannot find name 'jest'.

[7m43[0m       debug: jest.fn(),
[7m  [0m [91m             ~~~~[0m

[96msrc/entitlement/__tests__/entitlement.service.spec.ts[0m:[93m61[0m:[93m3[0m - [91merror[0m[90m TS2304: [0mCannot find name 'afterEach'.

[7m61[0m   afterEach(() => {
[7m  [0m [91m  ~~~~~~~~~[0m

[96msrc/entitlement/__tests__/entitlement.service.spec.ts[0m:[93m62[0m:[93m5[0m - [91merror[0m[90m TS2304: [0mCannot find name 'jest'.

[7m62[0m     jest.clearAllMocks();
[7m  [0m [91m    ~~~~[0m

[96msrc/entitlement/__tests__/entitlement.service.spec.ts[0m:[93m65[0m:[93m3[0m - [91merror[0m[90m TS2593: [0mCannot find name 'describe'. Do you need to install type definitions for a test runner? Try `npm i --save-dev @types/jest` or `npm i --save-dev @types/mocha` and then add 'jest' or 'mocha' to the types field in your tsconfig.

[7m65[0m   describe('checkEntitlement - Boolean Features', () => {
[7m  [0m [91m  ~~~~~~~~[0m

[96msrc/entitlement/__tests__/entitlement.service.spec.ts[0m:[93m66[0m:[93m5[0m - [91merror[0m[90m TS2593: [0mCannot find name 'it'. Do you need to install type definitions for a test runner? Try `npm i --save-dev @types/jest` or `npm i --save-dev @types/mocha` and then add 'jest' or 'mocha' to the types field in your tsconfig.

[7m66[0m     it('should allow access when boolean entitlement is true', async () => {
[7m  [0m [91m    ~~[0m

[96msrc/entitlement/__tests__/entitlement.service.spec.ts[0m:[93m89[0m:[93m7[0m - [91merror[0m[90m TS2304: [0mCannot find name 'expect'.

[7m89[0m       expect(result.allowed).toBe(true);
[7m  [0m [91m      ~~~~~~[0m

[96msrc/entitlement/__tests__/entitlement.service.spec.ts[0m:[93m90[0m:[93m7[0m - [91merror[0m[90m TS2304: [0mCannot find name 'expect'.

[7m90[0m       expect(result.currentValue).toBe(true);
[7m  [0m [91m      ~~~~~~[0m

[96msrc/entitlement/__tests__/entitlement.service.spec.ts[0m:[93m93[0m:[93m5[0m - [91merror[0m[90m TS2593: [0mCannot find name 'it'. Do you need to install type definitions for a test runner? Try `npm i --save-dev @types/jest` or `npm i --save-dev @types/mocha` and then add 'jest' or 'mocha' to the types field in your tsconfig.

[7m93[0m     it('should deny access when boolean entitlement is false', async () => {
[7m  [0m [91m    ~~[0m

[96msrc/entitlement/__tests__/entitlement.service.spec.ts[0m:[93m116[0m:[93m7[0m - [91merror[0m[90m TS2304: [0mCannot find name 'expect'.

[7m116[0m       expect(result.allowed).toBe(false);
[7m   [0m [91m      ~~~~~~[0m

[96msrc/entitlement/__tests__/entitlement.service.spec.ts[0m:[93m117[0m:[93m7[0m - [91merror[0m[90m TS2304: [0mCannot find name 'expect'.

[7m117[0m       expect(result.message).toContain('requires upgrade');
[7m   [0m [91m      ~~~~~~[0m

[96msrc/entitlement/__tests__/entitlement.service.spec.ts[0m:[93m121[0m:[93m3[0m - [91merror[0m[90m TS2593: [0mCannot find name 'describe'. Do you need to install type definitions for a test runner? Try `npm i --save-dev @types/jest` or `npm i --save-dev @types/mocha` and then add 'jest' or 'mocha' to the types field in your tsconfig.

[7m121[0m   describe('checkEntitlement - Limit Features', () => {
[7m   [0m [91m  ~~~~~~~~[0m

[96msrc/entitlement/__tests__/entitlement.service.spec.ts[0m:[93m122[0m:[93m5[0m - [91merror[0m[90m TS2593: [0mCannot find name 'it'. Do you need to install type definitions for a test runner? Try `npm i --save-dev @types/jest` or `npm i --save-dev @types/mocha` and then add 'jest' or 'mocha' to the types field in your tsconfig.

[7m122[0m     it('should allow access when under limit', async () => {
[7m   [0m [91m    ~~[0m

[96msrc/entitlement/__tests__/entitlement.service.spec.ts[0m:[93m154[0m:[93m7[0m - [91merror[0m[90m TS2304: [0mCannot find name 'expect'.

[7m154[0m       expect(result.allowed).toBe(true);
[7m   [0m [91m      ~~~~~~[0m

[96msrc/entitlement/__tests__/entitlement.service.spec.ts[0m:[93m155[0m:[93m7[0m - [91merror[0m[90m TS2304: [0mCannot find name 'expect'.

[7m155[0m       expect(result.limit).toBe(50);
[7m   [0m [91m      ~~~~~~[0m

[96msrc/entitlement/__tests__/entitlement.service.spec.ts[0m:[93m156[0m:[93m7[0m - [91merror[0m[90m TS2304: [0mCannot find name 'expect'.

[7m156[0m       expect(result.usage).toBe(10);
[7m   [0m [91m      ~~~~~~[0m

[96msrc/entitlement/__tests__/entitlement.service.spec.ts[0m:[93m157[0m:[93m7[0m - [91merror[0m[90m TS2304: [0mCannot find name 'expect'.

[7m157[0m       expect(result.remaining).toBe(40);
[7m   [0m [91m      ~~~~~~[0m

[96msrc/entitlement/__tests__/entitlement.service.spec.ts[0m:[93m160[0m:[93m5[0m - [91merror[0m[90m TS2593: [0mCannot find name 'it'. Do you need to install type definitions for a test runner? Try `npm i --save-dev @types/jest` or `npm i --save-dev @types/mocha` and then add 'jest' or 'mocha' to the types field in your tsconfig.

[7m160[0m     it('should deny access when at limit', async () => {
[7m   [0m [91m    ~~[0m

[96msrc/entitlement/__tests__/entitlement.service.spec.ts[0m:[93m189[0m:[93m7[0m - [91merror[0m[90m TS2304: [0mCannot find name 'expect'.

[7m189[0m       expect(result.allowed).toBe(false);
[7m   [0m [91m      ~~~~~~[0m

[96msrc/entitlement/__tests__/entitlement.service.spec.ts[0m:[93m190[0m:[93m7[0m - [91merror[0m[90m TS2304: [0mCannot find name 'expect'.

[7m190[0m       expect(result.remaining).toBe(0);
[7m   [0m [91m      ~~~~~~[0m

[96msrc/entitlement/__tests__/entitlement.service.spec.ts[0m:[93m191[0m:[93m7[0m - [91merror[0m[90m TS2304: [0mCannot find name 'expect'.

[7m191[0m       expect(result.message).toContain('Limit reached');
[7m   [0m [91m      ~~~~~~[0m

[96msrc/entitlement/__tests__/entitlement.service.spec.ts[0m:[93m194[0m:[93m5[0m - [91merror[0m[90m TS2593: [0mCannot find name 'it'. Do you need to install type definitions for a test runner? Try `npm i --save-dev @types/jest` or `npm i --save-dev @types/mocha` and then add 'jest' or 'mocha' to the types field in your tsconfig.

[7m194[0m     it('should allow unlimited access when value is -1', async () => {
[7m   [0m [91m    ~~[0m

[96msrc/entitlement/__tests__/entitlement.service.spec.ts[0m:[93m217[0m:[93m7[0m - [91merror[0m[90m TS2304: [0mCannot find name 'expect'.

[7m217[0m       expect(result.allowed).toBe(true);
[7m   [0m [91m      ~~~~~~[0m

[96msrc/entitlement/__tests__/entitlement.service.spec.ts[0m:[93m218[0m:[93m7[0m - [91merror[0m[90m TS2304: [0mCannot find name 'expect'.

[7m218[0m       expect(result.limit).toBe(-1);
[7m   [0m [91m      ~~~~~~[0m

[96msrc/entitlement/__tests__/entitlement.service.spec.ts[0m:[93m219[0m:[93m7[0m - [91merror[0m[90m TS2304: [0mCannot find name 'expect'.

[7m219[0m       expect(result.message).toBe('Unlimited');
[7m   [0m [91m      ~~~~~~[0m

[96msrc/entitlement/__tests__/entitlement.service.spec.ts[0m:[93m222[0m:[93m5[0m - [91merror[0m[90m TS2593: [0mCannot find name 'it'. Do you need to install type definitions for a test runner? Try `npm i --save-dev @types/jest` or `npm i --save-dev @types/mocha` and then add 'jest' or 'mocha' to the types field in your tsconfig.

[7m222[0m     it('should increment usage when incrementUsage is true', async () => {
[7m   [0m [91m    ~~[0m

[96msrc/entitlement/__tests__/entitlement.service.spec.ts[0m:[93m259[0m:[93m7[0m - [91merror[0m[90m TS2304: [0mCannot find name 'expect'.

[7m259[0m       expect(result.allowed).toBe(true);
[7m   [0m [91m      ~~~~~~[0m

[96msrc/entitlement/__tests__/entitlement.service.spec.ts[0m:[93m260[0m:[93m7[0m - [91merror[0m[90m TS2304: [0mCannot find name 'expect'.

[7m260[0m       expect(mockUsageModel.findOneAndUpdate).toHaveBeenCalled();
[7m   [0m [91m      ~~~~~~[0m

[96msrc/entitlement/__tests__/entitlement.service.spec.ts[0m:[93m264[0m:[93m3[0m - [91merror[0m[90m TS2593: [0mCannot find name 'describe'. Do you need to install type definitions for a test runner? Try `npm i --save-dev @types/jest` or `npm i --save-dev @types/mocha` and then add 'jest' or 'mocha' to the types field in your tsconfig.

[7m264[0m   describe('checkEntitlement - Tier Features', () => {
[7m   [0m [91m  ~~~~~~~~[0m

[96msrc/entitlement/__tests__/entitlement.service.spec.ts[0m:[93m265[0m:[93m5[0m - [91merror[0m[90m TS2593: [0mCannot find name 'it'. Do you need to install type definitions for a test runner? Try `npm i --save-dev @types/jest` or `npm i --save-dev @types/mocha` and then add 'jest' or 'mocha' to the types field in your tsconfig.

[7m265[0m     it('should allow access when tier matches', async () => {
[7m   [0m [91m    ~~[0m

[96msrc/entitlement/__tests__/entitlement.service.spec.ts[0m:[93m289[0m:[93m7[0m - [91merror[0m[90m TS2304: [0mCannot find name 'expect'.

[7m289[0m       expect(result.allowed).toBe(true);
[7m   [0m [91m      ~~~~~~[0m

[96msrc/entitlement/__tests__/entitlement.service.spec.ts[0m:[93m290[0m:[93m7[0m - [91merror[0m[90m TS2304: [0mCannot find name 'expect'.

[7m290[0m       expect(result.currentValue).toBe('human');
[7m   [0m [91m      ~~~~~~[0m

[96msrc/entitlement/__tests__/entitlement.service.spec.ts[0m:[93m293[0m:[93m5[0m - [91merror[0m[90m TS2593: [0mCannot find name 'it'. Do you need to install type definitions for a test runner? Try `npm i --save-dev @types/jest` or `npm i --save-dev @types/mocha` and then add 'jest' or 'mocha' to the types field in your tsconfig.

[7m293[0m     it('should deny access when tier is lower than required', async () => {
[7m   [0m [91m    ~~[0m

[96msrc/entitlement/__tests__/entitlement.service.spec.ts[0m:[93m317[0m:[93m7[0m - [91merror[0m[90m TS2304: [0mCannot find name 'expect'.

[7m317[0m       expect(result.allowed).toBe(false);
[7m   [0m [91m      ~~~~~~[0m

[96msrc/entitlement/__tests__/entitlement.service.spec.ts[0m:[93m318[0m:[93m7[0m - [91merror[0m[90m TS2304: [0mCannot find name 'expect'.

[7m318[0m       expect(result.message).toContain('requires "human" tier');
[7m   [0m [91m      ~~~~~~[0m

[96msrc/entitlement/__tests__/entitlement.service.spec.ts[0m:[93m322[0m:[93m3[0m - [91merror[0m[90m TS2593: [0mCannot find name 'describe'. Do you need to install type definitions for a test runner? Try `npm i --save-dev @types/jest` or `npm i --save-dev @types/mocha` and then add 'jest' or 'mocha' to the types field in your tsconfig.

[7m322[0m   describe('checkEntitlement - Edge Cases', () => {
[7m   [0m [91m  ~~~~~~~~[0m

[96msrc/entitlement/__tests__/entitlement.service.spec.ts[0m:[93m323[0m:[93m5[0m - [91merror[0m[90m TS2593: [0mCannot find name 'it'. Do you need to install type definitions for a test runner? Try `npm i --save-dev @types/jest` or `npm i --save-dev @types/mocha` and then add 'jest' or 'mocha' to the types field in your tsconfig.

[7m323[0m     it('should deny access when user not found', async () => {
[7m   [0m [91m    ~~[0m

[96msrc/entitlement/__tests__/entitlement.service.spec.ts[0m:[93m330[0m:[93m7[0m - [91merror[0m[90m TS2304: [0mCannot find name 'expect'.

[7m330[0m       expect(result.allowed).toBe(false);
[7m   [0m [91m      ~~~~~~[0m

[96msrc/entitlement/__tests__/entitlement.service.spec.ts[0m:[93m331[0m:[93m7[0m - [91merror[0m[90m TS2304: [0mCannot find name 'expect'.

[7m331[0m       expect(result.message).toBe('User not found');
[7m   [0m [91m      ~~~~~~[0m

[96msrc/entitlement/__tests__/entitlement.service.spec.ts[0m:[93m334[0m:[93m5[0m - [91merror[0m[90m TS2593: [0mCannot find name 'it'. Do you need to install type definitions for a test runner? Try `npm i --save-dev @types/jest` or `npm i --save-dev @types/mocha` and then add 'jest' or 'mocha' to the types field in your tsconfig.

[7m334[0m     it('should deny access when plan not found', async () => {
[7m   [0m [91m    ~~[0m

[96msrc/entitlement/__tests__/entitlement.service.spec.ts[0m:[93m346[0m:[93m7[0m - [91merror[0m[90m TS2304: [0mCannot find name 'expect'.

[7m346[0m       expect(result.allowed).toBe(false);
[7m   [0m [91m      ~~~~~~[0m

[96msrc/entitlement/__tests__/entitlement.service.spec.ts[0m:[93m347[0m:[93m7[0m - [91merror[0m[90m TS2304: [0mCannot find name 'expect'.

[7m347[0m       expect(result.message).toBe('Plan not found');
[7m   [0m [91m      ~~~~~~[0m

[96msrc/entitlement/__tests__/entitlement.service.spec.ts[0m:[93m350[0m:[93m5[0m - [91merror[0m[90m TS2593: [0mCannot find name 'it'. Do you need to install type definitions for a test runner? Try `npm i --save-dev @types/jest` or `npm i --save-dev @types/mocha` and then add 'jest' or 'mocha' to the types field in your tsconfig.

[7m350[0m     it('should deny access when feature not defined for plan', async () => {
[7m   [0m [91m    ~~[0m

[96msrc/entitlement/__tests__/entitlement.service.spec.ts[0m:[93m368[0m:[93m7[0m - [91merror[0m[90m TS2304: [0mCannot find name 'expect'.

[7m368[0m       expect(result.allowed).toBe(false);
[7m   [0m [91m      ~~~~~~[0m

[96msrc/entitlement/__tests__/entitlement.service.spec.ts[0m:[93m369[0m:[93m7[0m - [91merror[0m[90m TS2304: [0mCannot find name 'expect'.

[7m369[0m       expect(result.message).toContain('not available');
[7m   [0m [91m      ~~~~~~[0m

[96msrc/schemas/index.ts[0m:[93m2[0m:[93m1[0m - [91merror[0m[90m TS2308: [0mModule './user.schema' has already exported a member named 'PlanType'. Consider explicitly re-exporting to resolve the ambiguity.

[7m2[0m export * from './subscription-plan.schema';
[7m [0m [91m~~~~~~~~~~~~~~~~~~~~~~~~~~~~~~~~~~~~~~~~~~~[0m

[96msrc/schemas/index.ts[0m:[93m4[0m:[93m1[0m - [91merror[0m[90m TS2308: [0mModule './user.schema' has already exported a member named 'SubscriptionStatus'. Consider explicitly re-exporting to resolve the ambiguity.

[7m4[0m export * from './user-subscription.schema';
[7m [0m [91m~~~~~~~~~~~~~~~~~~~~~~~~~~~~~~~~~~~~~~~~~~~[0m

[96msrc/schemas/user.schema.ts[0m:[93m17[0m:[93m11[0m - [91merror[0m[90m TS2339: [0mProperty 'id' does not exist on type 'Required<{ _id: unknown; }> & { __v: number; }'.

[7m17[0m       ret.id = ret._id;
[7m  [0m [91m          ~~[0m

[96msrc/schemas/user.schema.ts[0m:[93m20[0m:[93m18[0m - [91merror[0m[90m TS2339: [0mProperty 'password' does not exist on type 'Required<{ _id: unknown; }> & { __v: number; }'.

[7m20[0m       delete ret.password;
[7m  [0m [91m                 ~~~~~~~~[0m

[[90m3:30:31 p.m.[0m] Found 153 errors. Watching for file changes.

[2J[3J[H[[90m3:30:37 p.m.[0m] File change detected. Starting incremental compilation...

[96msrc/billing/__tests__/billing.service.spec.ts[0m:[93m8[0m:[93m1[0m - [91merror[0m[90m TS2593: [0mCannot find name 'describe'. Do you need to install type definitions for a test runner? Try `npm i --save-dev @types/jest` or `npm i --save-dev @types/mocha` and then add 'jest' or 'mocha' to the types field in your tsconfig.

[7m8[0m describe('BillingService', () => {
[7m [0m [91m~~~~~~~~[0m

[96msrc/billing/__tests__/billing.service.spec.ts[0m:[93m14[0m:[93m15[0m - [91merror[0m[90m TS2304: [0mCannot find name 'jest'.

[7m14[0m     findById: jest.fn(),
[7m  [0m [91m              ~~~~[0m

[96msrc/billing/__tests__/billing.service.spec.ts[0m:[93m15[0m:[93m24[0m - [91merror[0m[90m TS2304: [0mCannot find name 'jest'.

[7m15[0m     findByIdAndUpdate: jest.fn(),
[7m  [0m [91m                       ~~~~[0m

[96msrc/billing/__tests__/billing.service.spec.ts[0m:[93m16[0m:[93m14[0m - [91merror[0m[90m TS2304: [0mCannot find name 'jest'.

[7m16[0m     findOne: jest.fn(),
[7m  [0m [91m             ~~~~[0m

[96msrc/billing/__tests__/billing.service.spec.ts[0m:[93m20[0m:[93m11[0m - [91merror[0m[90m TS2304: [0mCannot find name 'jest'.

[7m20[0m     find: jest.fn(),
[7m  [0m [91m          ~~~~[0m

[96msrc/billing/__tests__/billing.service.spec.ts[0m:[93m21[0m:[93m15[0m - [91merror[0m[90m TS2304: [0mCannot find name 'jest'.

[7m21[0m     findById: jest.fn(),
[7m  [0m [91m              ~~~~[0m

[96msrc/billing/__tests__/billing.service.spec.ts[0m:[93m22[0m:[93m14[0m - [91merror[0m[90m TS2304: [0mCannot find name 'jest'.

[7m22[0m     findOne: jest.fn(),
[7m  [0m [91m             ~~~~[0m

[96msrc/billing/__tests__/billing.service.spec.ts[0m:[93m26[0m:[93m14[0m - [91merror[0m[90m TS2304: [0mCannot find name 'jest'.

[7m26[0m     findOne: jest.fn(),
[7m  [0m [91m             ~~~~[0m

[96msrc/billing/__tests__/billing.service.spec.ts[0m:[93m27[0m:[93m24[0m - [91merror[0m[90m TS2304: [0mCannot find name 'jest'.

[7m27[0m     findByIdAndUpdate: jest.fn(),
[7m  [0m [91m                       ~~~~[0m

[96msrc/billing/__tests__/billing.service.spec.ts[0m:[93m28[0m:[93m13[0m - [91merror[0m[90m TS2304: [0mCannot find name 'jest'.

[7m28[0m     create: jest.fn(),
[7m  [0m [91m            ~~~~[0m

[96msrc/billing/__tests__/billing.service.spec.ts[0m:[93m29[0m:[93m16[0m - [91merror[0m[90m TS2304: [0mCannot find name 'jest'.

[7m29[0m     updateOne: jest.fn(),
[7m  [0m [91m               ~~~~[0m

[96msrc/billing/__tests__/billing.service.spec.ts[0m:[93m33[0m:[93m14[0m - [91merror[0m[90m TS2304: [0mCannot find name 'jest'.

[7m33[0m     findOne: jest.fn(),
[7m  [0m [91m             ~~~~[0m

[96msrc/billing/__tests__/billing.service.spec.ts[0m:[93m34[0m:[93m23[0m - [91merror[0m[90m TS2304: [0mCannot find name 'jest'.

[7m34[0m     findOneAndUpdate: jest.fn(),
[7m  [0m [91m                      ~~~~[0m

[96msrc/billing/__tests__/billing.service.spec.ts[0m:[93m37[0m:[93m3[0m - [91merror[0m[90m TS2304: [0mCannot find name 'beforeEach'.

[7m37[0m   beforeEach(async () => {
[7m  [0m [91m  ~~~~~~~~~~[0m

[96msrc/billing/__tests__/billing.service.spec.ts[0m:[93m39[0m:[93m12[0m - [91merror[0m[90m TS2304: [0mCannot find name 'jest'.

[7m39[0m       get: jest.fn().mockImplementation((key: string, defaultValue?: any) => {
[7m  [0m [91m           ~~~~[0m

[96msrc/billing/__tests__/billing.service.spec.ts[0m:[93m50[0m:[93m19[0m - [91merror[0m[90m TS2304: [0mCannot find name 'jest'.

[7m50[0m       setContext: jest.fn(),
[7m  [0m [91m                  ~~~~[0m

[96msrc/billing/__tests__/billing.service.spec.ts[0m:[93m51[0m:[93m13[0m - [91merror[0m[90m TS2304: [0mCannot find name 'jest'.

[7m51[0m       info: jest.fn(),
[7m  [0m [91m            ~~~~[0m

[96msrc/billing/__tests__/billing.service.spec.ts[0m:[93m52[0m:[93m13[0m - [91merror[0m[90m TS2304: [0mCannot find name 'jest'.

[7m52[0m       warn: jest.fn(),
[7m  [0m [91m            ~~~~[0m

[96msrc/billing/__tests__/billing.service.spec.ts[0m:[93m53[0m:[93m14[0m - [91merror[0m[90m TS2304: [0mCannot find name 'jest'.

[7m53[0m       error: jest.fn(),
[7m  [0m [91m             ~~~~[0m

[96msrc/billing/__tests__/billing.service.spec.ts[0m:[93m54[0m:[93m14[0m - [91merror[0m[90m TS2304: [0mCannot find name 'jest'.

[7m54[0m       debug: jest.fn(),
[7m  [0m [91m             ~~~~[0m

[96msrc/billing/__tests__/billing.service.spec.ts[0m:[93m72[0m:[93m3[0m - [91merror[0m[90m TS2304: [0mCannot find name 'afterEach'.

[7m72[0m   afterEach(() => {
[7m  [0m [91m  ~~~~~~~~~[0m

[96msrc/billing/__tests__/billing.service.spec.ts[0m:[93m73[0m:[93m5[0m - [91merror[0m[90m TS2304: [0mCannot find name 'jest'.

[7m73[0m     jest.clearAllMocks();
[7m  [0m [91m    ~~~~[0m

[96msrc/billing/__tests__/billing.service.spec.ts[0m:[93m76[0m:[93m3[0m - [91merror[0m[90m TS2593: [0mCannot find name 'describe'. Do you need to install type definitions for a test runner? Try `npm i --save-dev @types/jest` or `npm i --save-dev @types/mocha` and then add 'jest' or 'mocha' to the types field in your tsconfig.

[7m76[0m   describe('handleStripeWebhook', () => {
[7m  [0m [91m  ~~~~~~~~[0m

[96msrc/billing/__tests__/billing.service.spec.ts[0m:[93m77[0m:[93m5[0m - [91merror[0m[90m TS2593: [0mCannot find name 'it'. Do you need to install type definitions for a test runner? Try `npm i --save-dev @types/jest` or `npm i --save-dev @types/mocha` and then add 'jest' or 'mocha' to the types field in your tsconfig.

[7m77[0m     it('should throw BadRequestException for invalid signature', async () => {
[7m  [0m [91m    ~~[0m

[96msrc/billing/__tests__/billing.service.spec.ts[0m:[93m81[0m:[93m13[0m - [91merror[0m[90m TS2304: [0mCannot find name 'expect'.

[7m81[0m       await expect(
[7m  [0m [91m            ~~~~~~[0m

[96msrc/billing/__tests__/billing.service.spec.ts[0m:[93m85[0m:[93m7[0m - [91merror[0m[90m TS2304: [0mCannot find name 'expect'.

[7m85[0m       expect(mockLogger.error).toHaveBeenCalledWith(
[7m  [0m [91m      ~~~~~~[0m

[96msrc/billing/__tests__/billing.service.spec.ts[0m:[93m86[0m:[93m9[0m - [91merror[0m[90m TS2304: [0mCannot find name 'expect'.

[7m86[0m         expect.objectContaining({ error: expect.any(String) }),
[7m  [0m [91m        ~~~~~~[0m

[96msrc/billing/__tests__/billing.service.spec.ts[0m:[93m86[0m:[93m42[0m - [91merror[0m[90m TS2304: [0mCannot find name 'expect'.

[7m86[0m         expect.objectContaining({ error: expect.any(String) }),
[7m  [0m [91m                                         ~~~~~~[0m

[96msrc/billing/__tests__/billing.service.spec.ts[0m:[93m91[0m:[93m5[0m - [91merror[0m[90m TS2593: [0mCannot find name 'it'. Do you need to install type definitions for a test runner? Try `npm i --save-dev @types/jest` or `npm i --save-dev @types/mocha` and then add 'jest' or 'mocha' to the types field in your tsconfig.

[7m91[0m     it('should validate webhook signature format', async () => {
[7m  [0m [91m    ~~[0m

[96msrc/billing/__tests__/billing.service.spec.ts[0m:[93m95[0m:[93m13[0m - [91merror[0m[90m TS2304: [0mCannot find name 'expect'.

[7m95[0m       await expect(
[7m  [0m [91m            ~~~~~~[0m

[96msrc/billing/__tests__/billing.service.spec.ts[0m:[93m104[0m:[93m3[0m - [91merror[0m[90m TS2593: [0mCannot find name 'describe'. Do you need to install type definitions for a test runner? Try `npm i --save-dev @types/jest` or `npm i --save-dev @types/mocha` and then add 'jest' or 'mocha' to the types field in your tsconfig.

[7m104[0m   describe('getPlans', () => {
[7m   [0m [91m  ~~~~~~~~[0m

[96msrc/billing/__tests__/billing.service.spec.ts[0m:[93m105[0m:[93m5[0m - [91merror[0m[90m TS2593: [0mCannot find name 'it'. Do you need to install type definitions for a test runner? Try `npm i --save-dev @types/jest` or `npm i --save-dev @types/mocha` and then add 'jest' or 'mocha' to the types field in your tsconfig.

[7m105[0m     it('should return active plans sorted by order', async () => {
[7m   [0m [91m    ~~[0m

[96msrc/billing/__tests__/billing.service.spec.ts[0m:[93m112[0m:[93m15[0m - [91merror[0m[90m TS2304: [0mCannot find name 'jest'.

[7m112[0m         sort: jest.fn().mockResolvedValue(mockPlans),
[7m   [0m [91m              ~~~~[0m

[96msrc/billing/__tests__/billing.service.spec.ts[0m:[93m117[0m:[93m7[0m - [91merror[0m[90m TS2304: [0mCannot find name 'expect'.

[7m117[0m       expect(mockPlanModel.find).toHaveBeenCalledWith({ isActive: true });
[7m   [0m [91m      ~~~~~~[0m

[96msrc/billing/__tests__/billing.service.spec.ts[0m:[93m118[0m:[93m7[0m - [91merror[0m[90m TS2304: [0mCannot find name 'expect'.

[7m118[0m       expect(result).toEqual(mockPlans);
[7m   [0m [91m      ~~~~~~[0m

[96msrc/billing/__tests__/billing.service.spec.ts[0m:[93m122[0m:[93m3[0m - [91merror[0m[90m TS2593: [0mCannot find name 'describe'. Do you need to install type definitions for a test runner? Try `npm i --save-dev @types/jest` or `npm i --save-dev @types/mocha` and then add 'jest' or 'mocha' to the types field in your tsconfig.

[7m122[0m   describe('recordUsage', () => {
[7m   [0m [91m  ~~~~~~~~[0m

[96msrc/billing/__tests__/billing.service.spec.ts[0m:[93m123[0m:[93m5[0m - [91merror[0m[90m TS2593: [0mCannot find name 'it'. Do you need to install type definitions for a test runner? Try `npm i --save-dev @types/jest` or `npm i --save-dev @types/mocha` and then add 'jest' or 'mocha' to the types field in your tsconfig.

[7m123[0m     it('should increment usage for a feature', async () => {
[7m   [0m [91m    ~~[0m

[96msrc/billing/__tests__/billing.service.spec.ts[0m:[93m140[0m:[93m7[0m - [91merror[0m[90m TS2304: [0mCannot find name 'expect'.

[7m140[0m       expect(mockUsageModel.findOneAndUpdate).toHaveBeenCalled();
[7m   [0m [91m      ~~~~~~[0m

[96msrc/billing/__tests__/billing.service.spec.ts[0m:[93m141[0m:[93m7[0m - [91merror[0m[90m TS2304: [0mCannot find name 'expect'.

[7m141[0m       expect(result.count).toBe(5);
[7m   [0m [91m      ~~~~~~[0m

[96msrc/billing/__tests__/billing.service.spec.ts[0m:[93m145[0m:[93m3[0m - [91merror[0m[90m TS2593: [0mCannot find name 'describe'. Do you need to install type definitions for a test runner? Try `npm i --save-dev @types/jest` or `npm i --save-dev @types/mocha` and then add 'jest' or 'mocha' to the types field in your tsconfig.

[7m145[0m   describe('getUsage', () => {
[7m   [0m [91m  ~~~~~~~~[0m

[96msrc/billing/__tests__/billing.service.spec.ts[0m:[93m146[0m:[93m5[0m - [91merror[0m[90m TS2593: [0mCannot find name 'it'. Do you need to install type definitions for a test runner? Try `npm i --save-dev @types/jest` or `npm i --save-dev @types/mocha` and then add 'jest' or 'mocha' to the types field in your tsconfig.

[7m146[0m     it('should return current usage for a feature', async () => {
[7m   [0m [91m    ~~[0m

[96msrc/billing/__tests__/billing.service.spec.ts[0m:[93m161[0m:[93m7[0m - [91merror[0m[90m TS2304: [0mCannot find name 'expect'.

[7m161[0m       expect(result).toBe(42);
[7m   [0m [91m      ~~~~~~[0m

[96msrc/billing/__tests__/billing.service.spec.ts[0m:[93m164[0m:[93m5[0m - [91merror[0m[90m TS2593: [0mCannot find name 'it'. Do you need to install type definitions for a test runner? Try `npm i --save-dev @types/jest` or `npm i --save-dev @types/mocha` and then add 'jest' or 'mocha' to the types field in your tsconfig.

[7m164[0m     it('should return 0 if no usage record exists', async () => {
[7m   [0m [91m    ~~[0m

[96msrc/billing/__tests__/billing.service.spec.ts[0m:[93m173[0m:[93m7[0m - [91merror[0m[90m TS2304: [0mCannot find name 'expect'.

[7m173[0m       expect(result).toBe(0);
[7m   [0m [91m      ~~~~~~[0m

[96msrc/common/decorators/roles.decorator.ts[0m:[93m2[0m:[93m26[0m - [91merror[0m[90m TS2307: [0mCannot find module '@jobocate/contracts' or its corresponding type declarations.

[7m2[0m import { UserRole } from '@jobocate/contracts';
[7m [0m [91m                         ~~~~~~~~~~~~~~~~~~~~~[0m

[96msrc/entitlement/__tests__/entitlement.guard.spec.ts[0m:[93m6[0m:[93m29[0m - [91merror[0m[90m TS2307: [0mCannot find module '@jobocate/contracts' or its corresponding type declarations.

[7m6[0m import { FeatureKeys } from '@jobocate/contracts';
[7m [0m [91m                            ~~~~~~~~~~~~~~~~~~~~~[0m

[96msrc/entitlement/__tests__/entitlement.guard.spec.ts[0m:[93m8[0m:[93m1[0m - [91merror[0m[90m TS2593: [0mCannot find name 'describe'. Do you need to install type definitions for a test runner? Try `npm i --save-dev @types/jest` or `npm i --save-dev @types/mocha` and then add 'jest' or 'mocha' to the types field in your tsconfig.

[7m8[0m describe('EntitlementGuard', () => {
[7m [0m [91m~~~~~~~~[0m

[96msrc/entitlement/__tests__/entitlement.guard.spec.ts[0m:[93m14[0m:[93m23[0m - [91merror[0m[90m TS2304: [0mCannot find name 'jest'.

[7m14[0m     checkEntitlement: jest.fn(),
[7m  [0m [91m                      ~~~~[0m

[96msrc/entitlement/__tests__/entitlement.guard.spec.ts[0m:[93m30[0m:[93m3[0m - [91merror[0m[90m TS2304: [0mCannot find name 'beforeEach'.

[7m30[0m   beforeEach(async () => {
[7m  [0m [91m  ~~~~~~~~~~[0m

[96msrc/entitlement/__tests__/entitlement.guard.spec.ts[0m:[93m44[0m:[93m3[0m - [91merror[0m[90m TS2304: [0mCannot find name 'afterEach'.

[7m44[0m   afterEach(() => {
[7m  [0m [91m  ~~~~~~~~~[0m

[96msrc/entitlement/__tests__/entitlement.guard.spec.ts[0m:[93m45[0m:[93m5[0m - [91merror[0m[90m TS2304: [0mCannot find name 'jest'.

[7m45[0m     jest.clearAllMocks();
[7m  [0m [91m    ~~~~[0m

[96msrc/entitlement/__tests__/entitlement.guard.spec.ts[0m:[93m48[0m:[93m3[0m - [91merror[0m[90m TS2593: [0mCannot find name 'describe'. Do you need to install type definitions for a test runner? Try `npm i --save-dev @types/jest` or `npm i --save-dev @types/mocha` and then add 'jest' or 'mocha' to the types field in your tsconfig.

[7m48[0m   describe('canActivate', () => {
[7m  [0m [91m  ~~~~~~~~[0m

[96msrc/entitlement/__tests__/entitlement.guard.spec.ts[0m:[93m49[0m:[93m5[0m - [91merror[0m[90m TS2593: [0mCannot find name 'it'. Do you need to install type definitions for a test runner? Try `npm i --save-dev @types/jest` or `npm i --save-dev @types/mocha` and then add 'jest' or 'mocha' to the types field in your tsconfig.

[7m49[0m     it('should allow access when no entitlement metadata is set', async () => {
[7m  [0m [91m    ~~[0m

[96msrc/entitlement/__tests__/entitlement.guard.spec.ts[0m:[93m50[0m:[93m7[0m - [91merror[0m[90m TS2304: [0mCannot find name 'jest'.

[7m50[0m       jest.spyOn(reflector, 'getAllAndOverride').mockReturnValue(undefined);
[7m  [0m [91m      ~~~~[0m

[96msrc/entitlement/__tests__/entitlement.guard.spec.ts[0m:[93m55[0m:[93m7[0m - [91merror[0m[90m TS2304: [0mCannot find name 'expect'.

[7m55[0m       expect(result).toBe(true);
[7m  [0m [91m      ~~~~~~[0m

[96msrc/entitlement/__tests__/entitlement.guard.spec.ts[0m:[93m56[0m:[93m7[0m - [91merror[0m[90m TS2304: [0mCannot find name 'expect'.

[7m56[0m       expect(mockEntitlementService.checkEntitlement).not.toHaveBeenCalled();
[7m  [0m [91m      ~~~~~~[0m

[96msrc/entitlement/__tests__/entitlement.guard.spec.ts[0m:[93m59[0m:[93m5[0m - [91merror[0m[90m TS2593: [0mCannot find name 'it'. Do you need to install type definitions for a test runner? Try `npm i --save-dev @types/jest` or `npm i --save-dev @types/mocha` and then add 'jest' or 'mocha' to the types field in your tsconfig.

[7m59[0m     it('should throw ForbiddenException when no user in request', async () => {
[7m  [0m [91m    ~~[0m

[96msrc/entitlement/__tests__/entitlement.guard.spec.ts[0m:[93m63[0m:[93m7[0m - [91merror[0m[90m TS2304: [0mCannot find name 'jest'.

[7m63[0m       jest.spyOn(reflector, 'getAllAndOverride').mockReturnValue(metadata);
[7m  [0m [91m      ~~~~[0m

[96msrc/entitlement/__tests__/entitlement.guard.spec.ts[0m:[93m67[0m:[93m13[0m - [91merror[0m[90m TS2304: [0mCannot find name 'expect'.

[7m67[0m       await expect(guard.canActivate(context)).rejects.toThrow(ForbiddenException);
[7m  [0m [91m            ~~~~~~[0m

[96msrc/entitlement/__tests__/entitlement.guard.spec.ts[0m:[93m68[0m:[93m13[0m - [91merror[0m[90m TS2304: [0mCannot find name 'expect'.

[7m68[0m       await expect(guard.canActivate(context)).rejects.toThrow('Authentication required');
[7m  [0m [91m            ~~~~~~[0m

[96msrc/entitlement/__tests__/entitlement.guard.spec.ts[0m:[93m71[0m:[93m5[0m - [91merror[0m[90m TS2593: [0mCannot find name 'it'. Do you need to install type definitions for a test runner? Try `npm i --save-dev @types/jest` or `npm i --save-dev @types/mocha` and then add 'jest' or 'mocha' to the types field in your tsconfig.

[7m71[0m     it('should allow access when entitlement check passes', async () => {
[7m  [0m [91m    ~~[0m

[96msrc/entitlement/__tests__/entitlement.guard.spec.ts[0m:[93m75[0m:[93m7[0m - [91merror[0m[90m TS2304: [0mCannot find name 'jest'.

[7m75[0m       jest.spyOn(reflector, 'getAllAndOverride').mockReturnValue(metadata);
[7m  [0m [91m      ~~~~[0m

[96msrc/entitlement/__tests__/entitlement.guard.spec.ts[0m:[93m87[0m:[93m7[0m - [91merror[0m[90m TS2304: [0mCannot find name 'expect'.

[7m87[0m       expect(result).toBe(true);
[7m  [0m [91m      ~~~~~~[0m

[96msrc/entitlement/__tests__/entitlement.guard.spec.ts[0m:[93m88[0m:[93m7[0m - [91merror[0m[90m TS2304: [0mCannot find name 'expect'.

[7m88[0m       expect(mockEntitlementService.checkEntitlement).toHaveBeenCalledWith(
[7m  [0m [91m      ~~~~~~[0m

[96msrc/entitlement/__tests__/entitlement.guard.spec.ts[0m:[93m98[0m:[93m5[0m - [91merror[0m[90m TS2593: [0mCannot find name 'it'. Do you need to install type definitions for a test runner? Try `npm i --save-dev @types/jest` or `npm i --save-dev @types/mocha` and then add 'jest' or 'mocha' to the types field in your tsconfig.

[7m98[0m     it('should throw ForbiddenException when entitlement check fails', async () => {
[7m  [0m [91m    ~~[0m

[96msrc/entitlement/__tests__/entitlement.guard.spec.ts[0m:[93m102[0m:[93m7[0m - [91merror[0m[90m TS2304: [0mCannot find name 'jest'.

[7m102[0m       jest.spyOn(reflector, 'getAllAndOverride').mockReturnValue(metadata);
[7m   [0m [91m      ~~~~[0m

[96msrc/entitlement/__tests__/entitlement.guard.spec.ts[0m:[93m113[0m:[93m13[0m - [91merror[0m[90m TS2304: [0mCannot find name 'expect'.

[7m113[0m       await expect(guard.canActivate(context)).rejects.toThrow(ForbiddenException);
[7m   [0m [91m            ~~~~~~[0m

[96msrc/entitlement/__tests__/entitlement.guard.spec.ts[0m:[93m114[0m:[93m13[0m - [91merror[0m[90m TS2304: [0mCannot find name 'expect'.

[7m114[0m       await expect(guard.canActivate(context)).rejects.toThrow(
[7m   [0m [91m            ~~~~~~[0m

[96msrc/entitlement/__tests__/entitlement.guard.spec.ts[0m:[93m119[0m:[93m5[0m - [91merror[0m[90m TS2593: [0mCannot find name 'it'. Do you need to install type definitions for a test runner? Try `npm i --save-dev @types/jest` or `npm i --save-dev @types/mocha` and then add 'jest' or 'mocha' to the types field in your tsconfig.

[7m119[0m     it('should pass incrementUsage option to service', async () => {
[7m   [0m [91m    ~~[0m

[96msrc/entitlement/__tests__/entitlement.guard.spec.ts[0m:[93m124[0m:[93m7[0m - [91merror[0m[90m TS2304: [0mCannot find name 'jest'.

[7m124[0m       jest.spyOn(reflector, 'getAllAndOverride').mockReturnValue(metadata);
[7m   [0m [91m      ~~~~[0m

[96msrc/entitlement/__tests__/entitlement.guard.spec.ts[0m:[93m138[0m:[93m7[0m - [91merror[0m[90m TS2304: [0mCannot find name 'expect'.

[7m138[0m       expect(mockEntitlementService.checkEntitlement).toHaveBeenCalledWith(
[7m   [0m [91m      ~~~~~~[0m

[96msrc/entitlement/__tests__/entitlement.guard.spec.ts[0m:[93m140[0m:[93m9[0m - [91merror[0m[90m TS2304: [0mCannot find name 'expect'.

[7m140[0m         expect.objectContaining({
[7m   [0m [91m        ~~~~~~[0m

[96msrc/entitlement/__tests__/entitlement.guard.spec.ts[0m:[93m146[0m:[93m5[0m - [91merror[0m[90m TS2593: [0mCannot find name 'it'. Do you need to install type definitions for a test runner? Try `npm i --save-dev @types/jest` or `npm i --save-dev @types/mocha` and then add 'jest' or 'mocha' to the types field in your tsconfig.

[7m146[0m     it('should pass requiredValue option for tier checks', async () => {
[7m   [0m [91m    ~~[0m

[96msrc/entitlement/__tests__/entitlement.guard.spec.ts[0m:[93m151[0m:[93m7[0m - [91merror[0m[90m TS2304: [0mCannot find name 'jest'.

[7m151[0m       jest.spyOn(reflector, 'getAllAndOverride').mockReturnValue(metadata);
[7m   [0m [91m      ~~~~[0m

[96msrc/entitlement/__tests__/entitlement.guard.spec.ts[0m:[93m163[0m:[93m7[0m - [91merror[0m[90m TS2304: [0mCannot find name 'expect'.

[7m163[0m       expect(mockEntitlementService.checkEntitlement).toHaveBeenCalledWith(
[7m   [0m [91m      ~~~~~~[0m

[96msrc/entitlement/__tests__/entitlement.guard.spec.ts[0m:[93m165[0m:[93m9[0m - [91merror[0m[90m TS2304: [0mCannot find name 'expect'.

[7m165[0m         expect.objectContaining({
[7m   [0m [91m        ~~~~~~[0m

[96msrc/entitlement/__tests__/entitlement.guard.spec.ts[0m:[93m171[0m:[93m5[0m - [91merror[0m[90m TS2593: [0mCannot find name 'it'. Do you need to install type definitions for a test runner? Try `npm i --save-dev @types/jest` or `npm i --save-dev @types/mocha` and then add 'jest' or 'mocha' to the types field in your tsconfig.

[7m171[0m     it('should attach entitlement result to request', async () => {
[7m   [0m [91m    ~~[0m

[96msrc/entitlement/__tests__/entitlement.guard.spec.ts[0m:[93m175[0m:[93m7[0m - [91merror[0m[90m TS2304: [0mCannot find name 'jest'.

[7m175[0m       jest.spyOn(reflector, 'getAllAndOverride').mockReturnValue(metadata);
[7m   [0m [91m      ~~~~[0m

[96msrc/entitlement/__tests__/entitlement.guard.spec.ts[0m:[93m199[0m:[93m7[0m - [91merror[0m[90m TS2304: [0mCannot find name 'expect'.

[7m199[0m       expect(request.entitlementCheck).toEqual(checkResult);
[7m   [0m [91m      ~~~~~~[0m

[96msrc/entitlement/__tests__/entitlement.service.spec.ts[0m:[93m6[0m:[93m29[0m - [91merror[0m[90m TS2307: [0mCannot find module '@jobocate/contracts' or its corresponding type declarations.

[7m6[0m import { FeatureKeys } from '@jobocate/contracts';
[7m [0m [91m                            ~~~~~~~~~~~~~~~~~~~~~[0m

[96msrc/entitlement/__tests__/entitlement.service.spec.ts[0m:[93m8[0m:[93m1[0m - [91merror[0m[90m TS2593: [0mCannot find name 'describe'. Do you need to install type definitions for a test runner? Try `npm i --save-dev @types/jest` or `npm i --save-dev @types/mocha` and then add 'jest' or 'mocha' to the types field in your tsconfig.

[7m8[0m describe('EntitlementService', () => {
[7m [0m [91m~~~~~~~~[0m

[96msrc/entitlement/__tests__/entitlement.service.spec.ts[0m:[93m13[0m:[93m15[0m - [91merror[0m[90m TS2304: [0mCannot find name 'jest'.

[7m13[0m     findById: jest.fn(),
[7m  [0m [91m              ~~~~[0m

[96msrc/entitlement/__tests__/entitlement.service.spec.ts[0m:[93m17[0m:[93m14[0m - [91merror[0m[90m TS2304: [0mCannot find name 'jest'.

[7m17[0m     findOne: jest.fn(),
[7m  [0m [91m             ~~~~[0m

[96msrc/entitlement/__tests__/entitlement.service.spec.ts[0m:[93m18[0m:[93m11[0m - [91merror[0m[90m TS2304: [0mCannot find name 'jest'.

[7m18[0m     find: jest.fn(),
[7m  [0m [91m          ~~~~[0m

[96msrc/entitlement/__tests__/entitlement.service.spec.ts[0m:[93m22[0m:[93m14[0m - [91merror[0m[90m TS2304: [0mCannot find name 'jest'.

[7m22[0m     findOne: jest.fn(),
[7m  [0m [91m             ~~~~[0m

[96msrc/entitlement/__tests__/entitlement.service.spec.ts[0m:[93m26[0m:[93m14[0m - [91merror[0m[90m TS2304: [0mCannot find name 'jest'.

[7m26[0m     findOne: jest.fn(),
[7m  [0m [91m             ~~~~[0m

[96msrc/entitlement/__tests__/entitlement.service.spec.ts[0m:[93m27[0m:[93m23[0m - [91merror[0m[90m TS2304: [0mCannot find name 'jest'.

[7m27[0m     findOneAndUpdate: jest.fn(),
[7m  [0m [91m                      ~~~~[0m

[96msrc/entitlement/__tests__/entitlement.service.spec.ts[0m:[93m31[0m:[93m14[0m - [91merror[0m[90m TS2304: [0mCannot find name 'jest'.

[7m31[0m     findOne: jest.fn(),
[7m  [0m [91m             ~~~~[0m

[96msrc/entitlement/__tests__/entitlement.service.spec.ts[0m:[93m37[0m:[93m3[0m - [91merror[0m[90m TS2304: [0mCannot find name 'beforeEach'.

[7m37[0m   beforeEach(async () => {
[7m  [0m [91m  ~~~~~~~~~~[0m

[96msrc/entitlement/__tests__/entitlement.service.spec.ts[0m:[93m39[0m:[93m19[0m - [91merror[0m[90m TS2304: [0mCannot find name 'jest'.

[7m39[0m       setContext: jest.fn(),
[7m  [0m [91m                  ~~~~[0m

[96msrc/entitlement/__tests__/entitlement.service.spec.ts[0m:[93m40[0m:[93m13[0m - [91merror[0m[90m TS2304: [0mCannot find name 'jest'.

[7m40[0m       info: jest.fn(),
[7m  [0m [91m            ~~~~[0m

[96msrc/entitlement/__tests__/entitlement.service.spec.ts[0m:[93m41[0m:[93m13[0m - [91merror[0m[90m TS2304: [0mCannot find name 'jest'.

[7m41[0m       warn: jest.fn(),
[7m  [0m [91m            ~~~~[0m

[96msrc/entitlement/__tests__/entitlement.service.spec.ts[0m:[93m42[0m:[93m14[0m - [91merror[0m[90m TS2304: [0mCannot find name 'jest'.

[7m42[0m       error: jest.fn(),
[7m  [0m [91m             ~~~~[0m

[96msrc/entitlement/__tests__/entitlement.service.spec.ts[0m:[93m43[0m:[93m14[0m - [91merror[0m[90m TS2304: [0mCannot find name 'jest'.

[7m43[0m       debug: jest.fn(),
[7m  [0m [91m             ~~~~[0m

[96msrc/entitlement/__tests__/entitlement.service.spec.ts[0m:[93m61[0m:[93m3[0m - [91merror[0m[90m TS2304: [0mCannot find name 'afterEach'.

[7m61[0m   afterEach(() => {
[7m  [0m [91m  ~~~~~~~~~[0m

[96msrc/entitlement/__tests__/entitlement.service.spec.ts[0m:[93m62[0m:[93m5[0m - [91merror[0m[90m TS2304: [0mCannot find name 'jest'.

[7m62[0m     jest.clearAllMocks();
[7m  [0m [91m    ~~~~[0m

[96msrc/entitlement/__tests__/entitlement.service.spec.ts[0m:[93m65[0m:[93m3[0m - [91merror[0m[90m TS2593: [0mCannot find name 'describe'. Do you need to install type definitions for a test runner? Try `npm i --save-dev @types/jest` or `npm i --save-dev @types/mocha` and then add 'jest' or 'mocha' to the types field in your tsconfig.

[7m65[0m   describe('checkEntitlement - Boolean Features', () => {
[7m  [0m [91m  ~~~~~~~~[0m

[96msrc/entitlement/__tests__/entitlement.service.spec.ts[0m:[93m66[0m:[93m5[0m - [91merror[0m[90m TS2593: [0mCannot find name 'it'. Do you need to install type definitions for a test runner? Try `npm i --save-dev @types/jest` or `npm i --save-dev @types/mocha` and then add 'jest' or 'mocha' to the types field in your tsconfig.

[7m66[0m     it('should allow access when boolean entitlement is true', async () => {
[7m  [0m [91m    ~~[0m

[96msrc/entitlement/__tests__/entitlement.service.spec.ts[0m:[93m89[0m:[93m7[0m - [91merror[0m[90m TS2304: [0mCannot find name 'expect'.

[7m89[0m       expect(result.allowed).toBe(true);
[7m  [0m [91m      ~~~~~~[0m

[96msrc/entitlement/__tests__/entitlement.service.spec.ts[0m:[93m90[0m:[93m7[0m - [91merror[0m[90m TS2304: [0mCannot find name 'expect'.

[7m90[0m       expect(result.currentValue).toBe(true);
[7m  [0m [91m      ~~~~~~[0m

[96msrc/entitlement/__tests__/entitlement.service.spec.ts[0m:[93m93[0m:[93m5[0m - [91merror[0m[90m TS2593: [0mCannot find name 'it'. Do you need to install type definitions for a test runner? Try `npm i --save-dev @types/jest` or `npm i --save-dev @types/mocha` and then add 'jest' or 'mocha' to the types field in your tsconfig.

[7m93[0m     it('should deny access when boolean entitlement is false', async () => {
[7m  [0m [91m    ~~[0m

[96msrc/entitlement/__tests__/entitlement.service.spec.ts[0m:[93m116[0m:[93m7[0m - [91merror[0m[90m TS2304: [0mCannot find name 'expect'.

[7m116[0m       expect(result.allowed).toBe(false);
[7m   [0m [91m      ~~~~~~[0m

[96msrc/entitlement/__tests__/entitlement.service.spec.ts[0m:[93m117[0m:[93m7[0m - [91merror[0m[90m TS2304: [0mCannot find name 'expect'.

[7m117[0m       expect(result.message).toContain('requires upgrade');
[7m   [0m [91m      ~~~~~~[0m

[96msrc/entitlement/__tests__/entitlement.service.spec.ts[0m:[93m121[0m:[93m3[0m - [91merror[0m[90m TS2593: [0mCannot find name 'describe'. Do you need to install type definitions for a test runner? Try `npm i --save-dev @types/jest` or `npm i --save-dev @types/mocha` and then add 'jest' or 'mocha' to the types field in your tsconfig.

[7m121[0m   describe('checkEntitlement - Limit Features', () => {
[7m   [0m [91m  ~~~~~~~~[0m

[96msrc/entitlement/__tests__/entitlement.service.spec.ts[0m:[93m122[0m:[93m5[0m - [91merror[0m[90m TS2593: [0mCannot find name 'it'. Do you need to install type definitions for a test runner? Try `npm i --save-dev @types/jest` or `npm i --save-dev @types/mocha` and then add 'jest' or 'mocha' to the types field in your tsconfig.

[7m122[0m     it('should allow access when under limit', async () => {
[7m   [0m [91m    ~~[0m

[96msrc/entitlement/__tests__/entitlement.service.spec.ts[0m:[93m154[0m:[93m7[0m - [91merror[0m[90m TS2304: [0mCannot find name 'expect'.

[7m154[0m       expect(result.allowed).toBe(true);
[7m   [0m [91m      ~~~~~~[0m

[96msrc/entitlement/__tests__/entitlement.service.spec.ts[0m:[93m155[0m:[93m7[0m - [91merror[0m[90m TS2304: [0mCannot find name 'expect'.

[7m155[0m       expect(result.limit).toBe(50);
[7m   [0m [91m      ~~~~~~[0m

[96msrc/entitlement/__tests__/entitlement.service.spec.ts[0m:[93m156[0m:[93m7[0m - [91merror[0m[90m TS2304: [0mCannot find name 'expect'.

[7m156[0m       expect(result.usage).toBe(10);
[7m   [0m [91m      ~~~~~~[0m

[96msrc/entitlement/__tests__/entitlement.service.spec.ts[0m:[93m157[0m:[93m7[0m - [91merror[0m[90m TS2304: [0mCannot find name 'expect'.

[7m157[0m       expect(result.remaining).toBe(40);
[7m   [0m [91m      ~~~~~~[0m

[96msrc/entitlement/__tests__/entitlement.service.spec.ts[0m:[93m160[0m:[93m5[0m - [91merror[0m[90m TS2593: [0mCannot find name 'it'. Do you need to install type definitions for a test runner? Try `npm i --save-dev @types/jest` or `npm i --save-dev @types/mocha` and then add 'jest' or 'mocha' to the types field in your tsconfig.

[7m160[0m     it('should deny access when at limit', async () => {
[7m   [0m [91m    ~~[0m

[96msrc/entitlement/__tests__/entitlement.service.spec.ts[0m:[93m189[0m:[93m7[0m - [91merror[0m[90m TS2304: [0mCannot find name 'expect'.

[7m189[0m       expect(result.allowed).toBe(false);
[7m   [0m [91m      ~~~~~~[0m

[96msrc/entitlement/__tests__/entitlement.service.spec.ts[0m:[93m190[0m:[93m7[0m - [91merror[0m[90m TS2304: [0mCannot find name 'expect'.

[7m190[0m       expect(result.remaining).toBe(0);
[7m   [0m [91m      ~~~~~~[0m

[96msrc/entitlement/__tests__/entitlement.service.spec.ts[0m:[93m191[0m:[93m7[0m - [91merror[0m[90m TS2304: [0mCannot find name 'expect'.

[7m191[0m       expect(result.message).toContain('Limit reached');
[7m   [0m [91m      ~~~~~~[0m

[96msrc/entitlement/__tests__/entitlement.service.spec.ts[0m:[93m194[0m:[93m5[0m - [91merror[0m[90m TS2593: [0mCannot find name 'it'. Do you need to install type definitions for a test runner? Try `npm i --save-dev @types/jest` or `npm i --save-dev @types/mocha` and then add 'jest' or 'mocha' to the types field in your tsconfig.

[7m194[0m     it('should allow unlimited access when value is -1', async () => {
[7m   [0m [91m    ~~[0m

[96msrc/entitlement/__tests__/entitlement.service.spec.ts[0m:[93m217[0m:[93m7[0m - [91merror[0m[90m TS2304: [0mCannot find name 'expect'.

[7m217[0m       expect(result.allowed).toBe(true);
[7m   [0m [91m      ~~~~~~[0m

[96msrc/entitlement/__tests__/entitlement.service.spec.ts[0m:[93m218[0m:[93m7[0m - [91merror[0m[90m TS2304: [0mCannot find name 'expect'.

[7m218[0m       expect(result.limit).toBe(-1);
[7m   [0m [91m      ~~~~~~[0m

[96msrc/entitlement/__tests__/entitlement.service.spec.ts[0m:[93m219[0m:[93m7[0m - [91merror[0m[90m TS2304: [0mCannot find name 'expect'.

[7m219[0m       expect(result.message).toBe('Unlimited');
[7m   [0m [91m      ~~~~~~[0m

[96msrc/entitlement/__tests__/entitlement.service.spec.ts[0m:[93m222[0m:[93m5[0m - [91merror[0m[90m TS2593: [0mCannot find name 'it'. Do you need to install type definitions for a test runner? Try `npm i --save-dev @types/jest` or `npm i --save-dev @types/mocha` and then add 'jest' or 'mocha' to the types field in your tsconfig.

[7m222[0m     it('should increment usage when incrementUsage is true', async () => {
[7m   [0m [91m    ~~[0m

[96msrc/entitlement/__tests__/entitlement.service.spec.ts[0m:[93m259[0m:[93m7[0m - [91merror[0m[90m TS2304: [0mCannot find name 'expect'.

[7m259[0m       expect(result.allowed).toBe(true);
[7m   [0m [91m      ~~~~~~[0m

[96msrc/entitlement/__tests__/entitlement.service.spec.ts[0m:[93m260[0m:[93m7[0m - [91merror[0m[90m TS2304: [0mCannot find name 'expect'.

[7m260[0m       expect(mockUsageModel.findOneAndUpdate).toHaveBeenCalled();
[7m   [0m [91m      ~~~~~~[0m

[96msrc/entitlement/__tests__/entitlement.service.spec.ts[0m:[93m264[0m:[93m3[0m - [91merror[0m[90m TS2593: [0mCannot find name 'describe'. Do you need to install type definitions for a test runner? Try `npm i --save-dev @types/jest` or `npm i --save-dev @types/mocha` and then add 'jest' or 'mocha' to the types field in your tsconfig.

[7m264[0m   describe('checkEntitlement - Tier Features', () => {
[7m   [0m [91m  ~~~~~~~~[0m

[96msrc/entitlement/__tests__/entitlement.service.spec.ts[0m:[93m265[0m:[93m5[0m - [91merror[0m[90m TS2593: [0mCannot find name 'it'. Do you need to install type definitions for a test runner? Try `npm i --save-dev @types/jest` or `npm i --save-dev @types/mocha` and then add 'jest' or 'mocha' to the types field in your tsconfig.

[7m265[0m     it('should allow access when tier matches', async () => {
[7m   [0m [91m    ~~[0m

[96msrc/entitlement/__tests__/entitlement.service.spec.ts[0m:[93m289[0m:[93m7[0m - [91merror[0m[90m TS2304: [0mCannot find name 'expect'.

[7m289[0m       expect(result.allowed).toBe(true);
[7m   [0m [91m      ~~~~~~[0m

[96msrc/entitlement/__tests__/entitlement.service.spec.ts[0m:[93m290[0m:[93m7[0m - [91merror[0m[90m TS2304: [0mCannot find name 'expect'.

[7m290[0m       expect(result.currentValue).toBe('human');
[7m   [0m [91m      ~~~~~~[0m

[96msrc/entitlement/__tests__/entitlement.service.spec.ts[0m:[93m293[0m:[93m5[0m - [91merror[0m[90m TS2593: [0mCannot find name 'it'. Do you need to install type definitions for a test runner? Try `npm i --save-dev @types/jest` or `npm i --save-dev @types/mocha` and then add 'jest' or 'mocha' to the types field in your tsconfig.

[7m293[0m     it('should deny access when tier is lower than required', async () => {
[7m   [0m [91m    ~~[0m

[96msrc/entitlement/__tests__/entitlement.service.spec.ts[0m:[93m317[0m:[93m7[0m - [91merror[0m[90m TS2304: [0mCannot find name 'expect'.

[7m317[0m       expect(result.allowed).toBe(false);
[7m   [0m [91m      ~~~~~~[0m

[96msrc/entitlement/__tests__/entitlement.service.spec.ts[0m:[93m318[0m:[93m7[0m - [91merror[0m[90m TS2304: [0mCannot find name 'expect'.

[7m318[0m       expect(result.message).toContain('requires "human" tier');
[7m   [0m [91m      ~~~~~~[0m

[96msrc/entitlement/__tests__/entitlement.service.spec.ts[0m:[93m322[0m:[93m3[0m - [91merror[0m[90m TS2593: [0mCannot find name 'describe'. Do you need to install type definitions for a test runner? Try `npm i --save-dev @types/jest` or `npm i --save-dev @types/mocha` and then add 'jest' or 'mocha' to the types field in your tsconfig.

[7m322[0m   describe('checkEntitlement - Edge Cases', () => {
[7m   [0m [91m  ~~~~~~~~[0m

[96msrc/entitlement/__tests__/entitlement.service.spec.ts[0m:[93m323[0m:[93m5[0m - [91merror[0m[90m TS2593: [0mCannot find name 'it'. Do you need to install type definitions for a test runner? Try `npm i --save-dev @types/jest` or `npm i --save-dev @types/mocha` and then add 'jest' or 'mocha' to the types field in your tsconfig.

[7m323[0m     it('should deny access when user not found', async () => {
[7m   [0m [91m    ~~[0m

[96msrc/entitlement/__tests__/entitlement.service.spec.ts[0m:[93m330[0m:[93m7[0m - [91merror[0m[90m TS2304: [0mCannot find name 'expect'.

[7m330[0m       expect(result.allowed).toBe(false);
[7m   [0m [91m      ~~~~~~[0m

[96msrc/entitlement/__tests__/entitlement.service.spec.ts[0m:[93m331[0m:[93m7[0m - [91merror[0m[90m TS2304: [0mCannot find name 'expect'.

[7m331[0m       expect(result.message).toBe('User not found');
[7m   [0m [91m      ~~~~~~[0m

[96msrc/entitlement/__tests__/entitlement.service.spec.ts[0m:[93m334[0m:[93m5[0m - [91merror[0m[90m TS2593: [0mCannot find name 'it'. Do you need to install type definitions for a test runner? Try `npm i --save-dev @types/jest` or `npm i --save-dev @types/mocha` and then add 'jest' or 'mocha' to the types field in your tsconfig.

[7m334[0m     it('should deny access when plan not found', async () => {
[7m   [0m [91m    ~~[0m

[96msrc/entitlement/__tests__/entitlement.service.spec.ts[0m:[93m346[0m:[93m7[0m - [91merror[0m[90m TS2304: [0mCannot find name 'expect'.

[7m346[0m       expect(result.allowed).toBe(false);
[7m   [0m [91m      ~~~~~~[0m

[96msrc/entitlement/__tests__/entitlement.service.spec.ts[0m:[93m347[0m:[93m7[0m - [91merror[0m[90m TS2304: [0mCannot find name 'expect'.

[7m347[0m       expect(result.message).toBe('Plan not found');
[7m   [0m [91m      ~~~~~~[0m

[96msrc/entitlement/__tests__/entitlement.service.spec.ts[0m:[93m350[0m:[93m5[0m - [91merror[0m[90m TS2593: [0mCannot find name 'it'. Do you need to install type definitions for a test runner? Try `npm i --save-dev @types/jest` or `npm i --save-dev @types/mocha` and then add 'jest' or 'mocha' to the types field in your tsconfig.

[7m350[0m     it('should deny access when feature not defined for plan', async () => {
[7m   [0m [91m    ~~[0m

[96msrc/entitlement/__tests__/entitlement.service.spec.ts[0m:[93m368[0m:[93m7[0m - [91merror[0m[90m TS2304: [0mCannot find name 'expect'.

[7m368[0m       expect(result.allowed).toBe(false);
[7m   [0m [91m      ~~~~~~[0m

[96msrc/entitlement/__tests__/entitlement.service.spec.ts[0m:[93m369[0m:[93m7[0m - [91merror[0m[90m TS2304: [0mCannot find name 'expect'.

[7m369[0m       expect(result.message).toContain('not available');
[7m   [0m [91m      ~~~~~~[0m

[96msrc/schemas/index.ts[0m:[93m2[0m:[93m1[0m - [91merror[0m[90m TS2308: [0mModule './user.schema' has already exported a member named 'PlanType'. Consider explicitly re-exporting to resolve the ambiguity.

[7m2[0m export * from './subscription-plan.schema';
[7m [0m [91m~~~~~~~~~~~~~~~~~~~~~~~~~~~~~~~~~~~~~~~~~~~[0m

[96msrc/schemas/index.ts[0m:[93m4[0m:[93m1[0m - [91merror[0m[90m TS2308: [0mModule './user.schema' has already exported a member named 'SubscriptionStatus'. Consider explicitly re-exporting to resolve the ambiguity.

[7m4[0m export * from './user-subscription.schema';
[7m [0m [91m~~~~~~~~~~~~~~~~~~~~~~~~~~~~~~~~~~~~~~~~~~~[0m

[96msrc/schemas/user.schema.ts[0m:[93m17[0m:[93m11[0m - [91merror[0m[90m TS2339: [0mProperty 'id' does not exist on type 'Required<{ _id: unknown; }> & { __v: number; }'.

[7m17[0m       ret.id = ret._id;
[7m  [0m [91m          ~~[0m

[96msrc/schemas/user.schema.ts[0m:[93m20[0m:[93m18[0m - [91merror[0m[90m TS2339: [0mProperty 'password' does not exist on type 'Required<{ _id: unknown; }> & { __v: number; }'.

[7m20[0m       delete ret.password;
[7m  [0m [91m                 ~~~~~~~~[0m

[[90m3:30:37 p.m.[0m] Found 141 errors. Watching for file changes.

[2J[3J[H[[90m3:33:03 p.m.[0m] File change detected. Starting incremental compilation...

[96msrc/billing/__tests__/billing.service.spec.ts[0m:[93m8[0m:[93m1[0m - [91merror[0m[90m TS2593: [0mCannot find name 'describe'. Do you need to install type definitions for a test runner? Try `npm i --save-dev @types/jest` or `npm i --save-dev @types/mocha` and then add 'jest' or 'mocha' to the types field in your tsconfig.

[7m8[0m describe('BillingService', () => {
[7m [0m [91m~~~~~~~~[0m

[96msrc/billing/__tests__/billing.service.spec.ts[0m:[93m14[0m:[93m15[0m - [91merror[0m[90m TS2304: [0mCannot find name 'jest'.

[7m14[0m     findById: jest.fn(),
[7m  [0m [91m              ~~~~[0m

[96msrc/billing/__tests__/billing.service.spec.ts[0m:[93m15[0m:[93m24[0m - [91merror[0m[90m TS2304: [0mCannot find name 'jest'.

[7m15[0m     findByIdAndUpdate: jest.fn(),
[7m  [0m [91m                       ~~~~[0m

[96msrc/billing/__tests__/billing.service.spec.ts[0m:[93m16[0m:[93m14[0m - [91merror[0m[90m TS2304: [0mCannot find name 'jest'.

[7m16[0m     findOne: jest.fn(),
[7m  [0m [91m             ~~~~[0m

[96msrc/billing/__tests__/billing.service.spec.ts[0m:[93m20[0m:[93m11[0m - [91merror[0m[90m TS2304: [0mCannot find name 'jest'.

[7m20[0m     find: jest.fn(),
[7m  [0m [91m          ~~~~[0m

[96msrc/billing/__tests__/billing.service.spec.ts[0m:[93m21[0m:[93m15[0m - [91merror[0m[90m TS2304: [0mCannot find name 'jest'.

[7m21[0m     findById: jest.fn(),
[7m  [0m [91m              ~~~~[0m

[96msrc/billing/__tests__/billing.service.spec.ts[0m:[93m22[0m:[93m14[0m - [91merror[0m[90m TS2304: [0mCannot find name 'jest'.

[7m22[0m     findOne: jest.fn(),
[7m  [0m [91m             ~~~~[0m

[96msrc/billing/__tests__/billing.service.spec.ts[0m:[93m26[0m:[93m14[0m - [91merror[0m[90m TS2304: [0mCannot find name 'jest'.

[7m26[0m     findOne: jest.fn(),
[7m  [0m [91m             ~~~~[0m

[96msrc/billing/__tests__/billing.service.spec.ts[0m:[93m27[0m:[93m24[0m - [91merror[0m[90m TS2304: [0mCannot find name 'jest'.

[7m27[0m     findByIdAndUpdate: jest.fn(),
[7m  [0m [91m                       ~~~~[0m

[96msrc/billing/__tests__/billing.service.spec.ts[0m:[93m28[0m:[93m13[0m - [91merror[0m[90m TS2304: [0mCannot find name 'jest'.

[7m28[0m     create: jest.fn(),
[7m  [0m [91m            ~~~~[0m

[96msrc/billing/__tests__/billing.service.spec.ts[0m:[93m29[0m:[93m16[0m - [91merror[0m[90m TS2304: [0mCannot find name 'jest'.

[7m29[0m     updateOne: jest.fn(),
[7m  [0m [91m               ~~~~[0m

[96msrc/billing/__tests__/billing.service.spec.ts[0m:[93m33[0m:[93m14[0m - [91merror[0m[90m TS2304: [0mCannot find name 'jest'.

[7m33[0m     findOne: jest.fn(),
[7m  [0m [91m             ~~~~[0m

[96msrc/billing/__tests__/billing.service.spec.ts[0m:[93m34[0m:[93m23[0m - [91merror[0m[90m TS2304: [0mCannot find name 'jest'.

[7m34[0m     findOneAndUpdate: jest.fn(),
[7m  [0m [91m                      ~~~~[0m

[96msrc/billing/__tests__/billing.service.spec.ts[0m:[93m37[0m:[93m3[0m - [91merror[0m[90m TS2304: [0mCannot find name 'beforeEach'.

[7m37[0m   beforeEach(async () => {
[7m  [0m [91m  ~~~~~~~~~~[0m

[96msrc/billing/__tests__/billing.service.spec.ts[0m:[93m39[0m:[93m12[0m - [91merror[0m[90m TS2304: [0mCannot find name 'jest'.

[7m39[0m       get: jest.fn().mockImplementation((key: string, defaultValue?: any) => {
[7m  [0m [91m           ~~~~[0m

[96msrc/billing/__tests__/billing.service.spec.ts[0m:[93m50[0m:[93m19[0m - [91merror[0m[90m TS2304: [0mCannot find name 'jest'.

[7m50[0m       setContext: jest.fn(),
[7m  [0m [91m                  ~~~~[0m

[96msrc/billing/__tests__/billing.service.spec.ts[0m:[93m51[0m:[93m13[0m - [91merror[0m[90m TS2304: [0mCannot find name 'jest'.

[7m51[0m       info: jest.fn(),
[7m  [0m [91m            ~~~~[0m

[96msrc/billing/__tests__/billing.service.spec.ts[0m:[93m52[0m:[93m13[0m - [91merror[0m[90m TS2304: [0mCannot find name 'jest'.

[7m52[0m       warn: jest.fn(),
[7m  [0m [91m            ~~~~[0m

[96msrc/billing/__tests__/billing.service.spec.ts[0m:[93m53[0m:[93m14[0m - [91merror[0m[90m TS2304: [0mCannot find name 'jest'.

[7m53[0m       error: jest.fn(),
[7m  [0m [91m             ~~~~[0m

[96msrc/billing/__tests__/billing.service.spec.ts[0m:[93m54[0m:[93m14[0m - [91merror[0m[90m TS2304: [0mCannot find name 'jest'.

[7m54[0m       debug: jest.fn(),
[7m  [0m [91m             ~~~~[0m

[96msrc/billing/__tests__/billing.service.spec.ts[0m:[93m72[0m:[93m3[0m - [91merror[0m[90m TS2304: [0mCannot find name 'afterEach'.

[7m72[0m   afterEach(() => {
[7m  [0m [91m  ~~~~~~~~~[0m

[96msrc/billing/__tests__/billing.service.spec.ts[0m:[93m73[0m:[93m5[0m - [91merror[0m[90m TS2304: [0mCannot find name 'jest'.

[7m73[0m     jest.clearAllMocks();
[7m  [0m [91m    ~~~~[0m

[96msrc/billing/__tests__/billing.service.spec.ts[0m:[93m76[0m:[93m3[0m - [91merror[0m[90m TS2593: [0mCannot find name 'describe'. Do you need to install type definitions for a test runner? Try `npm i --save-dev @types/jest` or `npm i --save-dev @types/mocha` and then add 'jest' or 'mocha' to the types field in your tsconfig.

[7m76[0m   describe('handleStripeWebhook', () => {
[7m  [0m [91m  ~~~~~~~~[0m

[96msrc/billing/__tests__/billing.service.spec.ts[0m:[93m77[0m:[93m5[0m - [91merror[0m[90m TS2593: [0mCannot find name 'it'. Do you need to install type definitions for a test runner? Try `npm i --save-dev @types/jest` or `npm i --save-dev @types/mocha` and then add 'jest' or 'mocha' to the types field in your tsconfig.

[7m77[0m     it('should throw BadRequestException for invalid signature', async () => {
[7m  [0m [91m    ~~[0m

[96msrc/billing/__tests__/billing.service.spec.ts[0m:[93m81[0m:[93m13[0m - [91merror[0m[90m TS2304: [0mCannot find name 'expect'.

[7m81[0m       await expect(
[7m  [0m [91m            ~~~~~~[0m

[96msrc/billing/__tests__/billing.service.spec.ts[0m:[93m85[0m:[93m7[0m - [91merror[0m[90m TS2304: [0mCannot find name 'expect'.

[7m85[0m       expect(mockLogger.error).toHaveBeenCalledWith(
[7m  [0m [91m      ~~~~~~[0m

[96msrc/billing/__tests__/billing.service.spec.ts[0m:[93m86[0m:[93m9[0m - [91merror[0m[90m TS2304: [0mCannot find name 'expect'.

[7m86[0m         expect.objectContaining({ error: expect.any(String) }),
[7m  [0m [91m        ~~~~~~[0m

[96msrc/billing/__tests__/billing.service.spec.ts[0m:[93m86[0m:[93m42[0m - [91merror[0m[90m TS2304: [0mCannot find name 'expect'.

[7m86[0m         expect.objectContaining({ error: expect.any(String) }),
[7m  [0m [91m                                         ~~~~~~[0m

[96msrc/billing/__tests__/billing.service.spec.ts[0m:[93m91[0m:[93m5[0m - [91merror[0m[90m TS2593: [0mCannot find name 'it'. Do you need to install type definitions for a test runner? Try `npm i --save-dev @types/jest` or `npm i --save-dev @types/mocha` and then add 'jest' or 'mocha' to the types field in your tsconfig.

[7m91[0m     it('should validate webhook signature format', async () => {
[7m  [0m [91m    ~~[0m

[96msrc/billing/__tests__/billing.service.spec.ts[0m:[93m95[0m:[93m13[0m - [91merror[0m[90m TS2304: [0mCannot find name 'expect'.

[7m95[0m       await expect(
[7m  [0m [91m            ~~~~~~[0m

[96msrc/billing/__tests__/billing.service.spec.ts[0m:[93m104[0m:[93m3[0m - [91merror[0m[90m TS2593: [0mCannot find name 'describe'. Do you need to install type definitions for a test runner? Try `npm i --save-dev @types/jest` or `npm i --save-dev @types/mocha` and then add 'jest' or 'mocha' to the types field in your tsconfig.

[7m104[0m   describe('getPlans', () => {
[7m   [0m [91m  ~~~~~~~~[0m

[96msrc/billing/__tests__/billing.service.spec.ts[0m:[93m105[0m:[93m5[0m - [91merror[0m[90m TS2593: [0mCannot find name 'it'. Do you need to install type definitions for a test runner? Try `npm i --save-dev @types/jest` or `npm i --save-dev @types/mocha` and then add 'jest' or 'mocha' to the types field in your tsconfig.

[7m105[0m     it('should return active plans sorted by order', async () => {
[7m   [0m [91m    ~~[0m

[96msrc/billing/__tests__/billing.service.spec.ts[0m:[93m112[0m:[93m15[0m - [91merror[0m[90m TS2304: [0mCannot find name 'jest'.

[7m112[0m         sort: jest.fn().mockResolvedValue(mockPlans),
[7m   [0m [91m              ~~~~[0m

[96msrc/billing/__tests__/billing.service.spec.ts[0m:[93m117[0m:[93m7[0m - [91merror[0m[90m TS2304: [0mCannot find name 'expect'.

[7m117[0m       expect(mockPlanModel.find).toHaveBeenCalledWith({ isActive: true });
[7m   [0m [91m      ~~~~~~[0m

[96msrc/billing/__tests__/billing.service.spec.ts[0m:[93m118[0m:[93m7[0m - [91merror[0m[90m TS2304: [0mCannot find name 'expect'.

[7m118[0m       expect(result).toEqual(mockPlans);
[7m   [0m [91m      ~~~~~~[0m

[96msrc/billing/__tests__/billing.service.spec.ts[0m:[93m122[0m:[93m3[0m - [91merror[0m[90m TS2593: [0mCannot find name 'describe'. Do you need to install type definitions for a test runner? Try `npm i --save-dev @types/jest` or `npm i --save-dev @types/mocha` and then add 'jest' or 'mocha' to the types field in your tsconfig.

[7m122[0m   describe('recordUsage', () => {
[7m   [0m [91m  ~~~~~~~~[0m

[96msrc/billing/__tests__/billing.service.spec.ts[0m:[93m123[0m:[93m5[0m - [91merror[0m[90m TS2593: [0mCannot find name 'it'. Do you need to install type definitions for a test runner? Try `npm i --save-dev @types/jest` or `npm i --save-dev @types/mocha` and then add 'jest' or 'mocha' to the types field in your tsconfig.

[7m123[0m     it('should increment usage for a feature', async () => {
[7m   [0m [91m    ~~[0m

[96msrc/billing/__tests__/billing.service.spec.ts[0m:[93m140[0m:[93m7[0m - [91merror[0m[90m TS2304: [0mCannot find name 'expect'.

[7m140[0m       expect(mockUsageModel.findOneAndUpdate).toHaveBeenCalled();
[7m   [0m [91m      ~~~~~~[0m

[96msrc/billing/__tests__/billing.service.spec.ts[0m:[93m141[0m:[93m7[0m - [91merror[0m[90m TS2304: [0mCannot find name 'expect'.

[7m141[0m       expect(result.count).toBe(5);
[7m   [0m [91m      ~~~~~~[0m

[96msrc/billing/__tests__/billing.service.spec.ts[0m:[93m145[0m:[93m3[0m - [91merror[0m[90m TS2593: [0mCannot find name 'describe'. Do you need to install type definitions for a test runner? Try `npm i --save-dev @types/jest` or `npm i --save-dev @types/mocha` and then add 'jest' or 'mocha' to the types field in your tsconfig.

[7m145[0m   describe('getUsage', () => {
[7m   [0m [91m  ~~~~~~~~[0m

[96msrc/billing/__tests__/billing.service.spec.ts[0m:[93m146[0m:[93m5[0m - [91merror[0m[90m TS2593: [0mCannot find name 'it'. Do you need to install type definitions for a test runner? Try `npm i --save-dev @types/jest` or `npm i --save-dev @types/mocha` and then add 'jest' or 'mocha' to the types field in your tsconfig.

[7m146[0m     it('should return current usage for a feature', async () => {
[7m   [0m [91m    ~~[0m

[96msrc/billing/__tests__/billing.service.spec.ts[0m:[93m161[0m:[93m7[0m - [91merror[0m[90m TS2304: [0mCannot find name 'expect'.

[7m161[0m       expect(result).toBe(42);
[7m   [0m [91m      ~~~~~~[0m

[96msrc/billing/__tests__/billing.service.spec.ts[0m:[93m164[0m:[93m5[0m - [91merror[0m[90m TS2593: [0mCannot find name 'it'. Do you need to install type definitions for a test runner? Try `npm i --save-dev @types/jest` or `npm i --save-dev @types/mocha` and then add 'jest' or 'mocha' to the types field in your tsconfig.

[7m164[0m     it('should return 0 if no usage record exists', async () => {
[7m   [0m [91m    ~~[0m

[96msrc/billing/__tests__/billing.service.spec.ts[0m:[93m173[0m:[93m7[0m - [91merror[0m[90m TS2304: [0mCannot find name 'expect'.

[7m173[0m       expect(result).toBe(0);
[7m   [0m [91m      ~~~~~~[0m

[96msrc/common/decorators/roles.decorator.ts[0m:[93m2[0m:[93m26[0m - [91merror[0m[90m TS2307: [0mCannot find module '@jobocate/contracts' or its corresponding type declarations.

[7m2[0m import { UserRole } from '@jobocate/contracts';
[7m [0m [91m                         ~~~~~~~~~~~~~~~~~~~~~[0m

[96msrc/entitlement/__tests__/entitlement.guard.spec.ts[0m:[93m6[0m:[93m29[0m - [91merror[0m[90m TS2307: [0mCannot find module '@jobocate/contracts' or its corresponding type declarations.

[7m6[0m import { FeatureKeys } from '@jobocate/contracts';
[7m [0m [91m                            ~~~~~~~~~~~~~~~~~~~~~[0m

[96msrc/entitlement/__tests__/entitlement.guard.spec.ts[0m:[93m8[0m:[93m1[0m - [91merror[0m[90m TS2593: [0mCannot find name 'describe'. Do you need to install type definitions for a test runner? Try `npm i --save-dev @types/jest` or `npm i --save-dev @types/mocha` and then add 'jest' or 'mocha' to the types field in your tsconfig.

[7m8[0m describe('EntitlementGuard', () => {
[7m [0m [91m~~~~~~~~[0m

[96msrc/entitlement/__tests__/entitlement.guard.spec.ts[0m:[93m14[0m:[93m23[0m - [91merror[0m[90m TS2304: [0mCannot find name 'jest'.

[7m14[0m     checkEntitlement: jest.fn(),
[7m  [0m [91m                      ~~~~[0m

[96msrc/entitlement/__tests__/entitlement.guard.spec.ts[0m:[93m30[0m:[93m3[0m - [91merror[0m[90m TS2304: [0mCannot find name 'beforeEach'.

[7m30[0m   beforeEach(async () => {
[7m  [0m [91m  ~~~~~~~~~~[0m

[96msrc/entitlement/__tests__/entitlement.guard.spec.ts[0m:[93m44[0m:[93m3[0m - [91merror[0m[90m TS2304: [0mCannot find name 'afterEach'.

[7m44[0m   afterEach(() => {
[7m  [0m [91m  ~~~~~~~~~[0m

[96msrc/entitlement/__tests__/entitlement.guard.spec.ts[0m:[93m45[0m:[93m5[0m - [91merror[0m[90m TS2304: [0mCannot find name 'jest'.

[7m45[0m     jest.clearAllMocks();
[7m  [0m [91m    ~~~~[0m

[96msrc/entitlement/__tests__/entitlement.guard.spec.ts[0m:[93m48[0m:[93m3[0m - [91merror[0m[90m TS2593: [0mCannot find name 'describe'. Do you need to install type definitions for a test runner? Try `npm i --save-dev @types/jest` or `npm i --save-dev @types/mocha` and then add 'jest' or 'mocha' to the types field in your tsconfig.

[7m48[0m   describe('canActivate', () => {
[7m  [0m [91m  ~~~~~~~~[0m

[96msrc/entitlement/__tests__/entitlement.guard.spec.ts[0m:[93m49[0m:[93m5[0m - [91merror[0m[90m TS2593: [0mCannot find name 'it'. Do you need to install type definitions for a test runner? Try `npm i --save-dev @types/jest` or `npm i --save-dev @types/mocha` and then add 'jest' or 'mocha' to the types field in your tsconfig.

[7m49[0m     it('should allow access when no entitlement metadata is set', async () => {
[7m  [0m [91m    ~~[0m

[96msrc/entitlement/__tests__/entitlement.guard.spec.ts[0m:[93m50[0m:[93m7[0m - [91merror[0m[90m TS2304: [0mCannot find name 'jest'.

[7m50[0m       jest.spyOn(reflector, 'getAllAndOverride').mockReturnValue(undefined);
[7m  [0m [91m      ~~~~[0m

[96msrc/entitlement/__tests__/entitlement.guard.spec.ts[0m:[93m55[0m:[93m7[0m - [91merror[0m[90m TS2304: [0mCannot find name 'expect'.

[7m55[0m       expect(result).toBe(true);
[7m  [0m [91m      ~~~~~~[0m

[96msrc/entitlement/__tests__/entitlement.guard.spec.ts[0m:[93m56[0m:[93m7[0m - [91merror[0m[90m TS2304: [0mCannot find name 'expect'.

[7m56[0m       expect(mockEntitlementService.checkEntitlement).not.toHaveBeenCalled();
[7m  [0m [91m      ~~~~~~[0m

[96msrc/entitlement/__tests__/entitlement.guard.spec.ts[0m:[93m59[0m:[93m5[0m - [91merror[0m[90m TS2593: [0mCannot find name 'it'. Do you need to install type definitions for a test runner? Try `npm i --save-dev @types/jest` or `npm i --save-dev @types/mocha` and then add 'jest' or 'mocha' to the types field in your tsconfig.

[7m59[0m     it('should throw ForbiddenException when no user in request', async () => {
[7m  [0m [91m    ~~[0m

[96msrc/entitlement/__tests__/entitlement.guard.spec.ts[0m:[93m63[0m:[93m7[0m - [91merror[0m[90m TS2304: [0mCannot find name 'jest'.

[7m63[0m       jest.spyOn(reflector, 'getAllAndOverride').mockReturnValue(metadata);
[7m  [0m [91m      ~~~~[0m

[96msrc/entitlement/__tests__/entitlement.guard.spec.ts[0m:[93m67[0m:[93m13[0m - [91merror[0m[90m TS2304: [0mCannot find name 'expect'.

[7m67[0m       await expect(guard.canActivate(context)).rejects.toThrow(ForbiddenException);
[7m  [0m [91m            ~~~~~~[0m

[96msrc/entitlement/__tests__/entitlement.guard.spec.ts[0m:[93m68[0m:[93m13[0m - [91merror[0m[90m TS2304: [0mCannot find name 'expect'.

[7m68[0m       await expect(guard.canActivate(context)).rejects.toThrow('Authentication required');
[7m  [0m [91m            ~~~~~~[0m

[96msrc/entitlement/__tests__/entitlement.guard.spec.ts[0m:[93m71[0m:[93m5[0m - [91merror[0m[90m TS2593: [0mCannot find name 'it'. Do you need to install type definitions for a test runner? Try `npm i --save-dev @types/jest` or `npm i --save-dev @types/mocha` and then add 'jest' or 'mocha' to the types field in your tsconfig.

[7m71[0m     it('should allow access when entitlement check passes', async () => {
[7m  [0m [91m    ~~[0m

[96msrc/entitlement/__tests__/entitlement.guard.spec.ts[0m:[93m75[0m:[93m7[0m - [91merror[0m[90m TS2304: [0mCannot find name 'jest'.

[7m75[0m       jest.spyOn(reflector, 'getAllAndOverride').mockReturnValue(metadata);
[7m  [0m [91m      ~~~~[0m

[96msrc/entitlement/__tests__/entitlement.guard.spec.ts[0m:[93m87[0m:[93m7[0m - [91merror[0m[90m TS2304: [0mCannot find name 'expect'.

[7m87[0m       expect(result).toBe(true);
[7m  [0m [91m      ~~~~~~[0m

[96msrc/entitlement/__tests__/entitlement.guard.spec.ts[0m:[93m88[0m:[93m7[0m - [91merror[0m[90m TS2304: [0mCannot find name 'expect'.

[7m88[0m       expect(mockEntitlementService.checkEntitlement).toHaveBeenCalledWith(
[7m  [0m [91m      ~~~~~~[0m

[96msrc/entitlement/__tests__/entitlement.guard.spec.ts[0m:[93m98[0m:[93m5[0m - [91merror[0m[90m TS2593: [0mCannot find name 'it'. Do you need to install type definitions for a test runner? Try `npm i --save-dev @types/jest` or `npm i --save-dev @types/mocha` and then add 'jest' or 'mocha' to the types field in your tsconfig.

[7m98[0m     it('should throw ForbiddenException when entitlement check fails', async () => {
[7m  [0m [91m    ~~[0m

[96msrc/entitlement/__tests__/entitlement.guard.spec.ts[0m:[93m102[0m:[93m7[0m - [91merror[0m[90m TS2304: [0mCannot find name 'jest'.

[7m102[0m       jest.spyOn(reflector, 'getAllAndOverride').mockReturnValue(metadata);
[7m   [0m [91m      ~~~~[0m

[96msrc/entitlement/__tests__/entitlement.guard.spec.ts[0m:[93m113[0m:[93m13[0m - [91merror[0m[90m TS2304: [0mCannot find name 'expect'.

[7m113[0m       await expect(guard.canActivate(context)).rejects.toThrow(ForbiddenException);
[7m   [0m [91m            ~~~~~~[0m

[96msrc/entitlement/__tests__/entitlement.guard.spec.ts[0m:[93m114[0m:[93m13[0m - [91merror[0m[90m TS2304: [0mCannot find name 'expect'.

[7m114[0m       await expect(guard.canActivate(context)).rejects.toThrow(
[7m   [0m [91m            ~~~~~~[0m

[96msrc/entitlement/__tests__/entitlement.guard.spec.ts[0m:[93m119[0m:[93m5[0m - [91merror[0m[90m TS2593: [0mCannot find name 'it'. Do you need to install type definitions for a test runner? Try `npm i --save-dev @types/jest` or `npm i --save-dev @types/mocha` and then add 'jest' or 'mocha' to the types field in your tsconfig.

[7m119[0m     it('should pass incrementUsage option to service', async () => {
[7m   [0m [91m    ~~[0m

[96msrc/entitlement/__tests__/entitlement.guard.spec.ts[0m:[93m124[0m:[93m7[0m - [91merror[0m[90m TS2304: [0mCannot find name 'jest'.

[7m124[0m       jest.spyOn(reflector, 'getAllAndOverride').mockReturnValue(metadata);
[7m   [0m [91m      ~~~~[0m

[96msrc/entitlement/__tests__/entitlement.guard.spec.ts[0m:[93m138[0m:[93m7[0m - [91merror[0m[90m TS2304: [0mCannot find name 'expect'.

[7m138[0m       expect(mockEntitlementService.checkEntitlement).toHaveBeenCalledWith(
[7m   [0m [91m      ~~~~~~[0m

[96msrc/entitlement/__tests__/entitlement.guard.spec.ts[0m:[93m140[0m:[93m9[0m - [91merror[0m[90m TS2304: [0mCannot find name 'expect'.

[7m140[0m         expect.objectContaining({
[7m   [0m [91m        ~~~~~~[0m

[96msrc/entitlement/__tests__/entitlement.guard.spec.ts[0m:[93m146[0m:[93m5[0m - [91merror[0m[90m TS2593: [0mCannot find name 'it'. Do you need to install type definitions for a test runner? Try `npm i --save-dev @types/jest` or `npm i --save-dev @types/mocha` and then add 'jest' or 'mocha' to the types field in your tsconfig.

[7m146[0m     it('should pass requiredValue option for tier checks', async () => {
[7m   [0m [91m    ~~[0m

[96msrc/entitlement/__tests__/entitlement.guard.spec.ts[0m:[93m151[0m:[93m7[0m - [91merror[0m[90m TS2304: [0mCannot find name 'jest'.

[7m151[0m       jest.spyOn(reflector, 'getAllAndOverride').mockReturnValue(metadata);
[7m   [0m [91m      ~~~~[0m

[96msrc/entitlement/__tests__/entitlement.guard.spec.ts[0m:[93m163[0m:[93m7[0m - [91merror[0m[90m TS2304: [0mCannot find name 'expect'.

[7m163[0m       expect(mockEntitlementService.checkEntitlement).toHaveBeenCalledWith(
[7m   [0m [91m      ~~~~~~[0m

[96msrc/entitlement/__tests__/entitlement.guard.spec.ts[0m:[93m165[0m:[93m9[0m - [91merror[0m[90m TS2304: [0mCannot find name 'expect'.

[7m165[0m         expect.objectContaining({
[7m   [0m [91m        ~~~~~~[0m

[96msrc/entitlement/__tests__/entitlement.guard.spec.ts[0m:[93m171[0m:[93m5[0m - [91merror[0m[90m TS2593: [0mCannot find name 'it'. Do you need to install type definitions for a test runner? Try `npm i --save-dev @types/jest` or `npm i --save-dev @types/mocha` and then add 'jest' or 'mocha' to the types field in your tsconfig.

[7m171[0m     it('should attach entitlement result to request', async () => {
[7m   [0m [91m    ~~[0m

[96msrc/entitlement/__tests__/entitlement.guard.spec.ts[0m:[93m175[0m:[93m7[0m - [91merror[0m[90m TS2304: [0mCannot find name 'jest'.

[7m175[0m       jest.spyOn(reflector, 'getAllAndOverride').mockReturnValue(metadata);
[7m   [0m [91m      ~~~~[0m

[96msrc/entitlement/__tests__/entitlement.guard.spec.ts[0m:[93m199[0m:[93m7[0m - [91merror[0m[90m TS2304: [0mCannot find name 'expect'.

[7m199[0m       expect(request.entitlementCheck).toEqual(checkResult);
[7m   [0m [91m      ~~~~~~[0m

[96msrc/entitlement/__tests__/entitlement.service.spec.ts[0m:[93m6[0m:[93m29[0m - [91merror[0m[90m TS2307: [0mCannot find module '@jobocate/contracts' or its corresponding type declarations.

[7m6[0m import { FeatureKeys } from '@jobocate/contracts';
[7m [0m [91m                            ~~~~~~~~~~~~~~~~~~~~~[0m

[96msrc/entitlement/__tests__/entitlement.service.spec.ts[0m:[93m8[0m:[93m1[0m - [91merror[0m[90m TS2593: [0mCannot find name 'describe'. Do you need to install type definitions for a test runner? Try `npm i --save-dev @types/jest` or `npm i --save-dev @types/mocha` and then add 'jest' or 'mocha' to the types field in your tsconfig.

[7m8[0m describe('EntitlementService', () => {
[7m [0m [91m~~~~~~~~[0m

[96msrc/entitlement/__tests__/entitlement.service.spec.ts[0m:[93m13[0m:[93m15[0m - [91merror[0m[90m TS2304: [0mCannot find name 'jest'.

[7m13[0m     findById: jest.fn(),
[7m  [0m [91m              ~~~~[0m

[96msrc/entitlement/__tests__/entitlement.service.spec.ts[0m:[93m17[0m:[93m14[0m - [91merror[0m[90m TS2304: [0mCannot find name 'jest'.

[7m17[0m     findOne: jest.fn(),
[7m  [0m [91m             ~~~~[0m

[96msrc/entitlement/__tests__/entitlement.service.spec.ts[0m:[93m18[0m:[93m11[0m - [91merror[0m[90m TS2304: [0mCannot find name 'jest'.

[7m18[0m     find: jest.fn(),
[7m  [0m [91m          ~~~~[0m

[96msrc/entitlement/__tests__/entitlement.service.spec.ts[0m:[93m22[0m:[93m14[0m - [91merror[0m[90m TS2304: [0mCannot find name 'jest'.

[7m22[0m     findOne: jest.fn(),
[7m  [0m [91m             ~~~~[0m

[96msrc/entitlement/__tests__/entitlement.service.spec.ts[0m:[93m26[0m:[93m14[0m - [91merror[0m[90m TS2304: [0mCannot find name 'jest'.

[7m26[0m     findOne: jest.fn(),
[7m  [0m [91m             ~~~~[0m

[96msrc/entitlement/__tests__/entitlement.service.spec.ts[0m:[93m27[0m:[93m23[0m - [91merror[0m[90m TS2304: [0mCannot find name 'jest'.

[7m27[0m     findOneAndUpdate: jest.fn(),
[7m  [0m [91m                      ~~~~[0m

[96msrc/entitlement/__tests__/entitlement.service.spec.ts[0m:[93m31[0m:[93m14[0m - [91merror[0m[90m TS2304: [0mCannot find name 'jest'.

[7m31[0m     findOne: jest.fn(),
[7m  [0m [91m             ~~~~[0m

[96msrc/entitlement/__tests__/entitlement.service.spec.ts[0m:[93m37[0m:[93m3[0m - [91merror[0m[90m TS2304: [0mCannot find name 'beforeEach'.

[7m37[0m   beforeEach(async () => {
[7m  [0m [91m  ~~~~~~~~~~[0m

[96msrc/entitlement/__tests__/entitlement.service.spec.ts[0m:[93m39[0m:[93m19[0m - [91merror[0m[90m TS2304: [0mCannot find name 'jest'.

[7m39[0m       setContext: jest.fn(),
[7m  [0m [91m                  ~~~~[0m

[96msrc/entitlement/__tests__/entitlement.service.spec.ts[0m:[93m40[0m:[93m13[0m - [91merror[0m[90m TS2304: [0mCannot find name 'jest'.

[7m40[0m       info: jest.fn(),
[7m  [0m [91m            ~~~~[0m

[96msrc/entitlement/__tests__/entitlement.service.spec.ts[0m:[93m41[0m:[93m13[0m - [91merror[0m[90m TS2304: [0mCannot find name 'jest'.

[7m41[0m       warn: jest.fn(),
[7m  [0m [91m            ~~~~[0m

[96msrc/entitlement/__tests__/entitlement.service.spec.ts[0m:[93m42[0m:[93m14[0m - [91merror[0m[90m TS2304: [0mCannot find name 'jest'.

[7m42[0m       error: jest.fn(),
[7m  [0m [91m             ~~~~[0m

[96msrc/entitlement/__tests__/entitlement.service.spec.ts[0m:[93m43[0m:[93m14[0m - [91merror[0m[90m TS2304: [0mCannot find name 'jest'.

[7m43[0m       debug: jest.fn(),
[7m  [0m [91m             ~~~~[0m

[96msrc/entitlement/__tests__/entitlement.service.spec.ts[0m:[93m61[0m:[93m3[0m - [91merror[0m[90m TS2304: [0mCannot find name 'afterEach'.

[7m61[0m   afterEach(() => {
[7m  [0m [91m  ~~~~~~~~~[0m

[96msrc/entitlement/__tests__/entitlement.service.spec.ts[0m:[93m62[0m:[93m5[0m - [91merror[0m[90m TS2304: [0mCannot find name 'jest'.

[7m62[0m     jest.clearAllMocks();
[7m  [0m [91m    ~~~~[0m

[96msrc/entitlement/__tests__/entitlement.service.spec.ts[0m:[93m65[0m:[93m3[0m - [91merror[0m[90m TS2593: [0mCannot find name 'describe'. Do you need to install type definitions for a test runner? Try `npm i --save-dev @types/jest` or `npm i --save-dev @types/mocha` and then add 'jest' or 'mocha' to the types field in your tsconfig.

[7m65[0m   describe('checkEntitlement - Boolean Features', () => {
[7m  [0m [91m  ~~~~~~~~[0m

[96msrc/entitlement/__tests__/entitlement.service.spec.ts[0m:[93m66[0m:[93m5[0m - [91merror[0m[90m TS2593: [0mCannot find name 'it'. Do you need to install type definitions for a test runner? Try `npm i --save-dev @types/jest` or `npm i --save-dev @types/mocha` and then add 'jest' or 'mocha' to the types field in your tsconfig.

[7m66[0m     it('should allow access when boolean entitlement is true', async () => {
[7m  [0m [91m    ~~[0m

[96msrc/entitlement/__tests__/entitlement.service.spec.ts[0m:[93m89[0m:[93m7[0m - [91merror[0m[90m TS2304: [0mCannot find name 'expect'.

[7m89[0m       expect(result.allowed).toBe(true);
[7m  [0m [91m      ~~~~~~[0m

[96msrc/entitlement/__tests__/entitlement.service.spec.ts[0m:[93m90[0m:[93m7[0m - [91merror[0m[90m TS2304: [0mCannot find name 'expect'.

[7m90[0m       expect(result.currentValue).toBe(true);
[7m  [0m [91m      ~~~~~~[0m

[96msrc/entitlement/__tests__/entitlement.service.spec.ts[0m:[93m93[0m:[93m5[0m - [91merror[0m[90m TS2593: [0mCannot find name 'it'. Do you need to install type definitions for a test runner? Try `npm i --save-dev @types/jest` or `npm i --save-dev @types/mocha` and then add 'jest' or 'mocha' to the types field in your tsconfig.

[7m93[0m     it('should deny access when boolean entitlement is false', async () => {
[7m  [0m [91m    ~~[0m

[96msrc/entitlement/__tests__/entitlement.service.spec.ts[0m:[93m116[0m:[93m7[0m - [91merror[0m[90m TS2304: [0mCannot find name 'expect'.

[7m116[0m       expect(result.allowed).toBe(false);
[7m   [0m [91m      ~~~~~~[0m

[96msrc/entitlement/__tests__/entitlement.service.spec.ts[0m:[93m117[0m:[93m7[0m - [91merror[0m[90m TS2304: [0mCannot find name 'expect'.

[7m117[0m       expect(result.message).toContain('requires upgrade');
[7m   [0m [91m      ~~~~~~[0m

[96msrc/entitlement/__tests__/entitlement.service.spec.ts[0m:[93m121[0m:[93m3[0m - [91merror[0m[90m TS2593: [0mCannot find name 'describe'. Do you need to install type definitions for a test runner? Try `npm i --save-dev @types/jest` or `npm i --save-dev @types/mocha` and then add 'jest' or 'mocha' to the types field in your tsconfig.

[7m121[0m   describe('checkEntitlement - Limit Features', () => {
[7m   [0m [91m  ~~~~~~~~[0m

[96msrc/entitlement/__tests__/entitlement.service.spec.ts[0m:[93m122[0m:[93m5[0m - [91merror[0m[90m TS2593: [0mCannot find name 'it'. Do you need to install type definitions for a test runner? Try `npm i --save-dev @types/jest` or `npm i --save-dev @types/mocha` and then add 'jest' or 'mocha' to the types field in your tsconfig.

[7m122[0m     it('should allow access when under limit', async () => {
[7m   [0m [91m    ~~[0m

[96msrc/entitlement/__tests__/entitlement.service.spec.ts[0m:[93m154[0m:[93m7[0m - [91merror[0m[90m TS2304: [0mCannot find name 'expect'.

[7m154[0m       expect(result.allowed).toBe(true);
[7m   [0m [91m      ~~~~~~[0m

[96msrc/entitlement/__tests__/entitlement.service.spec.ts[0m:[93m155[0m:[93m7[0m - [91merror[0m[90m TS2304: [0mCannot find name 'expect'.

[7m155[0m       expect(result.limit).toBe(50);
[7m   [0m [91m      ~~~~~~[0m

[96msrc/entitlement/__tests__/entitlement.service.spec.ts[0m:[93m156[0m:[93m7[0m - [91merror[0m[90m TS2304: [0mCannot find name 'expect'.

[7m156[0m       expect(result.usage).toBe(10);
[7m   [0m [91m      ~~~~~~[0m

[96msrc/entitlement/__tests__/entitlement.service.spec.ts[0m:[93m157[0m:[93m7[0m - [91merror[0m[90m TS2304: [0mCannot find name 'expect'.

[7m157[0m       expect(result.remaining).toBe(40);
[7m   [0m [91m      ~~~~~~[0m

[96msrc/entitlement/__tests__/entitlement.service.spec.ts[0m:[93m160[0m:[93m5[0m - [91merror[0m[90m TS2593: [0mCannot find name 'it'. Do you need to install type definitions for a test runner? Try `npm i --save-dev @types/jest` or `npm i --save-dev @types/mocha` and then add 'jest' or 'mocha' to the types field in your tsconfig.

[7m160[0m     it('should deny access when at limit', async () => {
[7m   [0m [91m    ~~[0m

[96msrc/entitlement/__tests__/entitlement.service.spec.ts[0m:[93m189[0m:[93m7[0m - [91merror[0m[90m TS2304: [0mCannot find name 'expect'.

[7m189[0m       expect(result.allowed).toBe(false);
[7m   [0m [91m      ~~~~~~[0m

[96msrc/entitlement/__tests__/entitlement.service.spec.ts[0m:[93m190[0m:[93m7[0m - [91merror[0m[90m TS2304: [0mCannot find name 'expect'.

[7m190[0m       expect(result.remaining).toBe(0);
[7m   [0m [91m      ~~~~~~[0m

[96msrc/entitlement/__tests__/entitlement.service.spec.ts[0m:[93m191[0m:[93m7[0m - [91merror[0m[90m TS2304: [0mCannot find name 'expect'.

[7m191[0m       expect(result.message).toContain('Limit reached');
[7m   [0m [91m      ~~~~~~[0m

[96msrc/entitlement/__tests__/entitlement.service.spec.ts[0m:[93m194[0m:[93m5[0m - [91merror[0m[90m TS2593: [0mCannot find name 'it'. Do you need to install type definitions for a test runner? Try `npm i --save-dev @types/jest` or `npm i --save-dev @types/mocha` and then add 'jest' or 'mocha' to the types field in your tsconfig.

[7m194[0m     it('should allow unlimited access when value is -1', async () => {
[7m   [0m [91m    ~~[0m

[96msrc/entitlement/__tests__/entitlement.service.spec.ts[0m:[93m217[0m:[93m7[0m - [91merror[0m[90m TS2304: [0mCannot find name 'expect'.

[7m217[0m       expect(result.allowed).toBe(true);
[7m   [0m [91m      ~~~~~~[0m

[96msrc/entitlement/__tests__/entitlement.service.spec.ts[0m:[93m218[0m:[93m7[0m - [91merror[0m[90m TS2304: [0mCannot find name 'expect'.

[7m218[0m       expect(result.limit).toBe(-1);
[7m   [0m [91m      ~~~~~~[0m

[96msrc/entitlement/__tests__/entitlement.service.spec.ts[0m:[93m219[0m:[93m7[0m - [91merror[0m[90m TS2304: [0mCannot find name 'expect'.

[7m219[0m       expect(result.message).toBe('Unlimited');
[7m   [0m [91m      ~~~~~~[0m

[96msrc/entitlement/__tests__/entitlement.service.spec.ts[0m:[93m222[0m:[93m5[0m - [91merror[0m[90m TS2593: [0mCannot find name 'it'. Do you need to install type definitions for a test runner? Try `npm i --save-dev @types/jest` or `npm i --save-dev @types/mocha` and then add 'jest' or 'mocha' to the types field in your tsconfig.

[7m222[0m     it('should increment usage when incrementUsage is true', async () => {
[7m   [0m [91m    ~~[0m

[96msrc/entitlement/__tests__/entitlement.service.spec.ts[0m:[93m259[0m:[93m7[0m - [91merror[0m[90m TS2304: [0mCannot find name 'expect'.

[7m259[0m       expect(result.allowed).toBe(true);
[7m   [0m [91m      ~~~~~~[0m

[96msrc/entitlement/__tests__/entitlement.service.spec.ts[0m:[93m260[0m:[93m7[0m - [91merror[0m[90m TS2304: [0mCannot find name 'expect'.

[7m260[0m       expect(mockUsageModel.findOneAndUpdate).toHaveBeenCalled();
[7m   [0m [91m      ~~~~~~[0m

[96msrc/entitlement/__tests__/entitlement.service.spec.ts[0m:[93m264[0m:[93m3[0m - [91merror[0m[90m TS2593: [0mCannot find name 'describe'. Do you need to install type definitions for a test runner? Try `npm i --save-dev @types/jest` or `npm i --save-dev @types/mocha` and then add 'jest' or 'mocha' to the types field in your tsconfig.

[7m264[0m   describe('checkEntitlement - Tier Features', () => {
[7m   [0m [91m  ~~~~~~~~[0m

[96msrc/entitlement/__tests__/entitlement.service.spec.ts[0m:[93m265[0m:[93m5[0m - [91merror[0m[90m TS2593: [0mCannot find name 'it'. Do you need to install type definitions for a test runner? Try `npm i --save-dev @types/jest` or `npm i --save-dev @types/mocha` and then add 'jest' or 'mocha' to the types field in your tsconfig.

[7m265[0m     it('should allow access when tier matches', async () => {
[7m   [0m [91m    ~~[0m

[96msrc/entitlement/__tests__/entitlement.service.spec.ts[0m:[93m289[0m:[93m7[0m - [91merror[0m[90m TS2304: [0mCannot find name 'expect'.

[7m289[0m       expect(result.allowed).toBe(true);
[7m   [0m [91m      ~~~~~~[0m

[96msrc/entitlement/__tests__/entitlement.service.spec.ts[0m:[93m290[0m:[93m7[0m - [91merror[0m[90m TS2304: [0mCannot find name 'expect'.

[7m290[0m       expect(result.currentValue).toBe('human');
[7m   [0m [91m      ~~~~~~[0m

[96msrc/entitlement/__tests__/entitlement.service.spec.ts[0m:[93m293[0m:[93m5[0m - [91merror[0m[90m TS2593: [0mCannot find name 'it'. Do you need to install type definitions for a test runner? Try `npm i --save-dev @types/jest` or `npm i --save-dev @types/mocha` and then add 'jest' or 'mocha' to the types field in your tsconfig.

[7m293[0m     it('should deny access when tier is lower than required', async () => {
[7m   [0m [91m    ~~[0m

[96msrc/entitlement/__tests__/entitlement.service.spec.ts[0m:[93m317[0m:[93m7[0m - [91merror[0m[90m TS2304: [0mCannot find name 'expect'.

[7m317[0m       expect(result.allowed).toBe(false);
[7m   [0m [91m      ~~~~~~[0m

[96msrc/entitlement/__tests__/entitlement.service.spec.ts[0m:[93m318[0m:[93m7[0m - [91merror[0m[90m TS2304: [0mCannot find name 'expect'.

[7m318[0m       expect(result.message).toContain('requires "human" tier');
[7m   [0m [91m      ~~~~~~[0m

[96msrc/entitlement/__tests__/entitlement.service.spec.ts[0m:[93m322[0m:[93m3[0m - [91merror[0m[90m TS2593: [0mCannot find name 'describe'. Do you need to install type definitions for a test runner? Try `npm i --save-dev @types/jest` or `npm i --save-dev @types/mocha` and then add 'jest' or 'mocha' to the types field in your tsconfig.

[7m322[0m   describe('checkEntitlement - Edge Cases', () => {
[7m   [0m [91m  ~~~~~~~~[0m

[96msrc/entitlement/__tests__/entitlement.service.spec.ts[0m:[93m323[0m:[93m5[0m - [91merror[0m[90m TS2593: [0mCannot find name 'it'. Do you need to install type definitions for a test runner? Try `npm i --save-dev @types/jest` or `npm i --save-dev @types/mocha` and then add 'jest' or 'mocha' to the types field in your tsconfig.

[7m323[0m     it('should deny access when user not found', async () => {
[7m   [0m [91m    ~~[0m

[96msrc/entitlement/__tests__/entitlement.service.spec.ts[0m:[93m330[0m:[93m7[0m - [91merror[0m[90m TS2304: [0mCannot find name 'expect'.

[7m330[0m       expect(result.allowed).toBe(false);
[7m   [0m [91m      ~~~~~~[0m

[96msrc/entitlement/__tests__/entitlement.service.spec.ts[0m:[93m331[0m:[93m7[0m - [91merror[0m[90m TS2304: [0mCannot find name 'expect'.

[7m331[0m       expect(result.message).toBe('User not found');
[7m   [0m [91m      ~~~~~~[0m

[96msrc/entitlement/__tests__/entitlement.service.spec.ts[0m:[93m334[0m:[93m5[0m - [91merror[0m[90m TS2593: [0mCannot find name 'it'. Do you need to install type definitions for a test runner? Try `npm i --save-dev @types/jest` or `npm i --save-dev @types/mocha` and then add 'jest' or 'mocha' to the types field in your tsconfig.

[7m334[0m     it('should deny access when plan not found', async () => {
[7m   [0m [91m    ~~[0m

[96msrc/entitlement/__tests__/entitlement.service.spec.ts[0m:[93m346[0m:[93m7[0m - [91merror[0m[90m TS2304: [0mCannot find name 'expect'.

[7m346[0m       expect(result.allowed).toBe(false);
[7m   [0m [91m      ~~~~~~[0m

[96msrc/entitlement/__tests__/entitlement.service.spec.ts[0m:[93m347[0m:[93m7[0m - [91merror[0m[90m TS2304: [0mCannot find name 'expect'.

[7m347[0m       expect(result.message).toBe('Plan not found');
[7m   [0m [91m      ~~~~~~[0m

[96msrc/entitlement/__tests__/entitlement.service.spec.ts[0m:[93m350[0m:[93m5[0m - [91merror[0m[90m TS2593: [0mCannot find name 'it'. Do you need to install type definitions for a test runner? Try `npm i --save-dev @types/jest` or `npm i --save-dev @types/mocha` and then add 'jest' or 'mocha' to the types field in your tsconfig.

[7m350[0m     it('should deny access when feature not defined for plan', async () => {
[7m   [0m [91m    ~~[0m

[96msrc/entitlement/__tests__/entitlement.service.spec.ts[0m:[93m368[0m:[93m7[0m - [91merror[0m[90m TS2304: [0mCannot find name 'expect'.

[7m368[0m       expect(result.allowed).toBe(false);
[7m   [0m [91m      ~~~~~~[0m

[96msrc/entitlement/__tests__/entitlement.service.spec.ts[0m:[93m369[0m:[93m7[0m - [91merror[0m[90m TS2304: [0mCannot find name 'expect'.

[7m369[0m       expect(result.message).toContain('not available');
[7m   [0m [91m      ~~~~~~[0m

[96msrc/schemas/user.schema.ts[0m:[93m17[0m:[93m11[0m - [91merror[0m[90m TS2339: [0mProperty 'id' does not exist on type 'Required<{ _id: unknown; }> & { __v: number; }'.

[7m17[0m       ret.id = ret._id;
[7m  [0m [91m          ~~[0m

[96msrc/schemas/user.schema.ts[0m:[93m20[0m:[93m18[0m - [91merror[0m[90m TS2339: [0mProperty 'password' does not exist on type 'Required<{ _id: unknown; }> & { __v: number; }'.

[7m20[0m       delete ret.password;
[7m  [0m [91m                 ~~~~~~~~[0m

[[90m3:33:03 p.m.[0m] Found 139 errors. Watching for file changes.

[2J[3J[H[[90m3:33:28 p.m.[0m] File change detected. Starting incremental compilation...

[96msrc/billing/__tests__/billing.service.spec.ts[0m:[93m8[0m:[93m1[0m - [91merror[0m[90m TS2593: [0mCannot find name 'describe'. Do you need to install type definitions for a test runner? Try `npm i --save-dev @types/jest` or `npm i --save-dev @types/mocha` and then add 'jest' or 'mocha' to the types field in your tsconfig.

[7m8[0m describe('BillingService', () => {
[7m [0m [91m~~~~~~~~[0m

[96msrc/billing/__tests__/billing.service.spec.ts[0m:[93m14[0m:[93m15[0m - [91merror[0m[90m TS2304: [0mCannot find name 'jest'.

[7m14[0m     findById: jest.fn(),
[7m  [0m [91m              ~~~~[0m

[96msrc/billing/__tests__/billing.service.spec.ts[0m:[93m15[0m:[93m24[0m - [91merror[0m[90m TS2304: [0mCannot find name 'jest'.

[7m15[0m     findByIdAndUpdate: jest.fn(),
[7m  [0m [91m                       ~~~~[0m

[96msrc/billing/__tests__/billing.service.spec.ts[0m:[93m16[0m:[93m14[0m - [91merror[0m[90m TS2304: [0mCannot find name 'jest'.

[7m16[0m     findOne: jest.fn(),
[7m  [0m [91m             ~~~~[0m

[96msrc/billing/__tests__/billing.service.spec.ts[0m:[93m20[0m:[93m11[0m - [91merror[0m[90m TS2304: [0mCannot find name 'jest'.

[7m20[0m     find: jest.fn(),
[7m  [0m [91m          ~~~~[0m

[96msrc/billing/__tests__/billing.service.spec.ts[0m:[93m21[0m:[93m15[0m - [91merror[0m[90m TS2304: [0mCannot find name 'jest'.

[7m21[0m     findById: jest.fn(),
[7m  [0m [91m              ~~~~[0m

[96msrc/billing/__tests__/billing.service.spec.ts[0m:[93m22[0m:[93m14[0m - [91merror[0m[90m TS2304: [0mCannot find name 'jest'.

[7m22[0m     findOne: jest.fn(),
[7m  [0m [91m             ~~~~[0m

[96msrc/billing/__tests__/billing.service.spec.ts[0m:[93m26[0m:[93m14[0m - [91merror[0m[90m TS2304: [0mCannot find name 'jest'.

[7m26[0m     findOne: jest.fn(),
[7m  [0m [91m             ~~~~[0m

[96msrc/billing/__tests__/billing.service.spec.ts[0m:[93m27[0m:[93m24[0m - [91merror[0m[90m TS2304: [0mCannot find name 'jest'.

[7m27[0m     findByIdAndUpdate: jest.fn(),
[7m  [0m [91m                       ~~~~[0m

[96msrc/billing/__tests__/billing.service.spec.ts[0m:[93m28[0m:[93m13[0m - [91merror[0m[90m TS2304: [0mCannot find name 'jest'.

[7m28[0m     create: jest.fn(),
[7m  [0m [91m            ~~~~[0m

[96msrc/billing/__tests__/billing.service.spec.ts[0m:[93m29[0m:[93m16[0m - [91merror[0m[90m TS2304: [0mCannot find name 'jest'.

[7m29[0m     updateOne: jest.fn(),
[7m  [0m [91m               ~~~~[0m

[96msrc/billing/__tests__/billing.service.spec.ts[0m:[93m33[0m:[93m14[0m - [91merror[0m[90m TS2304: [0mCannot find name 'jest'.

[7m33[0m     findOne: jest.fn(),
[7m  [0m [91m             ~~~~[0m

[96msrc/billing/__tests__/billing.service.spec.ts[0m:[93m34[0m:[93m23[0m - [91merror[0m[90m TS2304: [0mCannot find name 'jest'.

[7m34[0m     findOneAndUpdate: jest.fn(),
[7m  [0m [91m                      ~~~~[0m

[96msrc/billing/__tests__/billing.service.spec.ts[0m:[93m37[0m:[93m3[0m - [91merror[0m[90m TS2304: [0mCannot find name 'beforeEach'.

[7m37[0m   beforeEach(async () => {
[7m  [0m [91m  ~~~~~~~~~~[0m

[96msrc/billing/__tests__/billing.service.spec.ts[0m:[93m39[0m:[93m12[0m - [91merror[0m[90m TS2304: [0mCannot find name 'jest'.

[7m39[0m       get: jest.fn().mockImplementation((key: string, defaultValue?: any) => {
[7m  [0m [91m           ~~~~[0m

[96msrc/billing/__tests__/billing.service.spec.ts[0m:[93m50[0m:[93m19[0m - [91merror[0m[90m TS2304: [0mCannot find name 'jest'.

[7m50[0m       setContext: jest.fn(),
[7m  [0m [91m                  ~~~~[0m

[96msrc/billing/__tests__/billing.service.spec.ts[0m:[93m51[0m:[93m13[0m - [91merror[0m[90m TS2304: [0mCannot find name 'jest'.

[7m51[0m       info: jest.fn(),
[7m  [0m [91m            ~~~~[0m

[96msrc/billing/__tests__/billing.service.spec.ts[0m:[93m52[0m:[93m13[0m - [91merror[0m[90m TS2304: [0mCannot find name 'jest'.

[7m52[0m       warn: jest.fn(),
[7m  [0m [91m            ~~~~[0m

[96msrc/billing/__tests__/billing.service.spec.ts[0m:[93m53[0m:[93m14[0m - [91merror[0m[90m TS2304: [0mCannot find name 'jest'.

[7m53[0m       error: jest.fn(),
[7m  [0m [91m             ~~~~[0m

[96msrc/billing/__tests__/billing.service.spec.ts[0m:[93m54[0m:[93m14[0m - [91merror[0m[90m TS2304: [0mCannot find name 'jest'.

[7m54[0m       debug: jest.fn(),
[7m  [0m [91m             ~~~~[0m

[96msrc/billing/__tests__/billing.service.spec.ts[0m:[93m72[0m:[93m3[0m - [91merror[0m[90m TS2304: [0mCannot find name 'afterEach'.

[7m72[0m   afterEach(() => {
[7m  [0m [91m  ~~~~~~~~~[0m

[96msrc/billing/__tests__/billing.service.spec.ts[0m:[93m73[0m:[93m5[0m - [91merror[0m[90m TS2304: [0mCannot find name 'jest'.

[7m73[0m     jest.clearAllMocks();
[7m  [0m [91m    ~~~~[0m

[96msrc/billing/__tests__/billing.service.spec.ts[0m:[93m76[0m:[93m3[0m - [91merror[0m[90m TS2593: [0mCannot find name 'describe'. Do you need to install type definitions for a test runner? Try `npm i --save-dev @types/jest` or `npm i --save-dev @types/mocha` and then add 'jest' or 'mocha' to the types field in your tsconfig.

[7m76[0m   describe('handleStripeWebhook', () => {
[7m  [0m [91m  ~~~~~~~~[0m

[96msrc/billing/__tests__/billing.service.spec.ts[0m:[93m77[0m:[93m5[0m - [91merror[0m[90m TS2593: [0mCannot find name 'it'. Do you need to install type definitions for a test runner? Try `npm i --save-dev @types/jest` or `npm i --save-dev @types/mocha` and then add 'jest' or 'mocha' to the types field in your tsconfig.

[7m77[0m     it('should throw BadRequestException for invalid signature', async () => {
[7m  [0m [91m    ~~[0m

[96msrc/billing/__tests__/billing.service.spec.ts[0m:[93m81[0m:[93m13[0m - [91merror[0m[90m TS2304: [0mCannot find name 'expect'.

[7m81[0m       await expect(
[7m  [0m [91m            ~~~~~~[0m

[96msrc/billing/__tests__/billing.service.spec.ts[0m:[93m85[0m:[93m7[0m - [91merror[0m[90m TS2304: [0mCannot find name 'expect'.

[7m85[0m       expect(mockLogger.error).toHaveBeenCalledWith(
[7m  [0m [91m      ~~~~~~[0m

[96msrc/billing/__tests__/billing.service.spec.ts[0m:[93m86[0m:[93m9[0m - [91merror[0m[90m TS2304: [0mCannot find name 'expect'.

[7m86[0m         expect.objectContaining({ error: expect.any(String) }),
[7m  [0m [91m        ~~~~~~[0m

[96msrc/billing/__tests__/billing.service.spec.ts[0m:[93m86[0m:[93m42[0m - [91merror[0m[90m TS2304: [0mCannot find name 'expect'.

[7m86[0m         expect.objectContaining({ error: expect.any(String) }),
[7m  [0m [91m                                         ~~~~~~[0m

[96msrc/billing/__tests__/billing.service.spec.ts[0m:[93m91[0m:[93m5[0m - [91merror[0m[90m TS2593: [0mCannot find name 'it'. Do you need to install type definitions for a test runner? Try `npm i --save-dev @types/jest` or `npm i --save-dev @types/mocha` and then add 'jest' or 'mocha' to the types field in your tsconfig.

[7m91[0m     it('should validate webhook signature format', async () => {
[7m  [0m [91m    ~~[0m

[96msrc/billing/__tests__/billing.service.spec.ts[0m:[93m95[0m:[93m13[0m - [91merror[0m[90m TS2304: [0mCannot find name 'expect'.

[7m95[0m       await expect(
[7m  [0m [91m            ~~~~~~[0m

[96msrc/billing/__tests__/billing.service.spec.ts[0m:[93m104[0m:[93m3[0m - [91merror[0m[90m TS2593: [0mCannot find name 'describe'. Do you need to install type definitions for a test runner? Try `npm i --save-dev @types/jest` or `npm i --save-dev @types/mocha` and then add 'jest' or 'mocha' to the types field in your tsconfig.

[7m104[0m   describe('getPlans', () => {
[7m   [0m [91m  ~~~~~~~~[0m

[96msrc/billing/__tests__/billing.service.spec.ts[0m:[93m105[0m:[93m5[0m - [91merror[0m[90m TS2593: [0mCannot find name 'it'. Do you need to install type definitions for a test runner? Try `npm i --save-dev @types/jest` or `npm i --save-dev @types/mocha` and then add 'jest' or 'mocha' to the types field in your tsconfig.

[7m105[0m     it('should return active plans sorted by order', async () => {
[7m   [0m [91m    ~~[0m

[96msrc/billing/__tests__/billing.service.spec.ts[0m:[93m112[0m:[93m15[0m - [91merror[0m[90m TS2304: [0mCannot find name 'jest'.

[7m112[0m         sort: jest.fn().mockResolvedValue(mockPlans),
[7m   [0m [91m              ~~~~[0m

[96msrc/billing/__tests__/billing.service.spec.ts[0m:[93m117[0m:[93m7[0m - [91merror[0m[90m TS2304: [0mCannot find name 'expect'.

[7m117[0m       expect(mockPlanModel.find).toHaveBeenCalledWith({ isActive: true });
[7m   [0m [91m      ~~~~~~[0m

[96msrc/billing/__tests__/billing.service.spec.ts[0m:[93m118[0m:[93m7[0m - [91merror[0m[90m TS2304: [0mCannot find name 'expect'.

[7m118[0m       expect(result).toEqual(mockPlans);
[7m   [0m [91m      ~~~~~~[0m

[96msrc/billing/__tests__/billing.service.spec.ts[0m:[93m122[0m:[93m3[0m - [91merror[0m[90m TS2593: [0mCannot find name 'describe'. Do you need to install type definitions for a test runner? Try `npm i --save-dev @types/jest` or `npm i --save-dev @types/mocha` and then add 'jest' or 'mocha' to the types field in your tsconfig.

[7m122[0m   describe('recordUsage', () => {
[7m   [0m [91m  ~~~~~~~~[0m

[96msrc/billing/__tests__/billing.service.spec.ts[0m:[93m123[0m:[93m5[0m - [91merror[0m[90m TS2593: [0mCannot find name 'it'. Do you need to install type definitions for a test runner? Try `npm i --save-dev @types/jest` or `npm i --save-dev @types/mocha` and then add 'jest' or 'mocha' to the types field in your tsconfig.

[7m123[0m     it('should increment usage for a feature', async () => {
[7m   [0m [91m    ~~[0m

[96msrc/billing/__tests__/billing.service.spec.ts[0m:[93m140[0m:[93m7[0m - [91merror[0m[90m TS2304: [0mCannot find name 'expect'.

[7m140[0m       expect(mockUsageModel.findOneAndUpdate).toHaveBeenCalled();
[7m   [0m [91m      ~~~~~~[0m

[96msrc/billing/__tests__/billing.service.spec.ts[0m:[93m141[0m:[93m7[0m - [91merror[0m[90m TS2304: [0mCannot find name 'expect'.

[7m141[0m       expect(result.count).toBe(5);
[7m   [0m [91m      ~~~~~~[0m

[96msrc/billing/__tests__/billing.service.spec.ts[0m:[93m145[0m:[93m3[0m - [91merror[0m[90m TS2593: [0mCannot find name 'describe'. Do you need to install type definitions for a test runner? Try `npm i --save-dev @types/jest` or `npm i --save-dev @types/mocha` and then add 'jest' or 'mocha' to the types field in your tsconfig.

[7m145[0m   describe('getUsage', () => {
[7m   [0m [91m  ~~~~~~~~[0m

[96msrc/billing/__tests__/billing.service.spec.ts[0m:[93m146[0m:[93m5[0m - [91merror[0m[90m TS2593: [0mCannot find name 'it'. Do you need to install type definitions for a test runner? Try `npm i --save-dev @types/jest` or `npm i --save-dev @types/mocha` and then add 'jest' or 'mocha' to the types field in your tsconfig.

[7m146[0m     it('should return current usage for a feature', async () => {
[7m   [0m [91m    ~~[0m

[96msrc/billing/__tests__/billing.service.spec.ts[0m:[93m161[0m:[93m7[0m - [91merror[0m[90m TS2304: [0mCannot find name 'expect'.

[7m161[0m       expect(result).toBe(42);
[7m   [0m [91m      ~~~~~~[0m

[96msrc/billing/__tests__/billing.service.spec.ts[0m:[93m164[0m:[93m5[0m - [91merror[0m[90m TS2593: [0mCannot find name 'it'. Do you need to install type definitions for a test runner? Try `npm i --save-dev @types/jest` or `npm i --save-dev @types/mocha` and then add 'jest' or 'mocha' to the types field in your tsconfig.

[7m164[0m     it('should return 0 if no usage record exists', async () => {
[7m   [0m [91m    ~~[0m

[96msrc/billing/__tests__/billing.service.spec.ts[0m:[93m173[0m:[93m7[0m - [91merror[0m[90m TS2304: [0mCannot find name 'expect'.

[7m173[0m       expect(result).toBe(0);
[7m   [0m [91m      ~~~~~~[0m

[96msrc/entitlement/__tests__/entitlement.guard.spec.ts[0m:[93m6[0m:[93m29[0m - [91merror[0m[90m TS2307: [0mCannot find module '@jobocate/contracts' or its corresponding type declarations.

[7m6[0m import { FeatureKeys } from '@jobocate/contracts';
[7m [0m [91m                            ~~~~~~~~~~~~~~~~~~~~~[0m

[96msrc/entitlement/__tests__/entitlement.guard.spec.ts[0m:[93m8[0m:[93m1[0m - [91merror[0m[90m TS2593: [0mCannot find name 'describe'. Do you need to install type definitions for a test runner? Try `npm i --save-dev @types/jest` or `npm i --save-dev @types/mocha` and then add 'jest' or 'mocha' to the types field in your tsconfig.

[7m8[0m describe('EntitlementGuard', () => {
[7m [0m [91m~~~~~~~~[0m

[96msrc/entitlement/__tests__/entitlement.guard.spec.ts[0m:[93m14[0m:[93m23[0m - [91merror[0m[90m TS2304: [0mCannot find name 'jest'.

[7m14[0m     checkEntitlement: jest.fn(),
[7m  [0m [91m                      ~~~~[0m

[96msrc/entitlement/__tests__/entitlement.guard.spec.ts[0m:[93m30[0m:[93m3[0m - [91merror[0m[90m TS2304: [0mCannot find name 'beforeEach'.

[7m30[0m   beforeEach(async () => {
[7m  [0m [91m  ~~~~~~~~~~[0m

[96msrc/entitlement/__tests__/entitlement.guard.spec.ts[0m:[93m44[0m:[93m3[0m - [91merror[0m[90m TS2304: [0mCannot find name 'afterEach'.

[7m44[0m   afterEach(() => {
[7m  [0m [91m  ~~~~~~~~~[0m

[96msrc/entitlement/__tests__/entitlement.guard.spec.ts[0m:[93m45[0m:[93m5[0m - [91merror[0m[90m TS2304: [0mCannot find name 'jest'.

[7m45[0m     jest.clearAllMocks();
[7m  [0m [91m    ~~~~[0m

[96msrc/entitlement/__tests__/entitlement.guard.spec.ts[0m:[93m48[0m:[93m3[0m - [91merror[0m[90m TS2593: [0mCannot find name 'describe'. Do you need to install type definitions for a test runner? Try `npm i --save-dev @types/jest` or `npm i --save-dev @types/mocha` and then add 'jest' or 'mocha' to the types field in your tsconfig.

[7m48[0m   describe('canActivate', () => {
[7m  [0m [91m  ~~~~~~~~[0m

[96msrc/entitlement/__tests__/entitlement.guard.spec.ts[0m:[93m49[0m:[93m5[0m - [91merror[0m[90m TS2593: [0mCannot find name 'it'. Do you need to install type definitions for a test runner? Try `npm i --save-dev @types/jest` or `npm i --save-dev @types/mocha` and then add 'jest' or 'mocha' to the types field in your tsconfig.

[7m49[0m     it('should allow access when no entitlement metadata is set', async () => {
[7m  [0m [91m    ~~[0m

[96msrc/entitlement/__tests__/entitlement.guard.spec.ts[0m:[93m50[0m:[93m7[0m - [91merror[0m[90m TS2304: [0mCannot find name 'jest'.

[7m50[0m       jest.spyOn(reflector, 'getAllAndOverride').mockReturnValue(undefined);
[7m  [0m [91m      ~~~~[0m

[96msrc/entitlement/__tests__/entitlement.guard.spec.ts[0m:[93m55[0m:[93m7[0m - [91merror[0m[90m TS2304: [0mCannot find name 'expect'.

[7m55[0m       expect(result).toBe(true);
[7m  [0m [91m      ~~~~~~[0m

[96msrc/entitlement/__tests__/entitlement.guard.spec.ts[0m:[93m56[0m:[93m7[0m - [91merror[0m[90m TS2304: [0mCannot find name 'expect'.

[7m56[0m       expect(mockEntitlementService.checkEntitlement).not.toHaveBeenCalled();
[7m  [0m [91m      ~~~~~~[0m

[96msrc/entitlement/__tests__/entitlement.guard.spec.ts[0m:[93m59[0m:[93m5[0m - [91merror[0m[90m TS2593: [0mCannot find name 'it'. Do you need to install type definitions for a test runner? Try `npm i --save-dev @types/jest` or `npm i --save-dev @types/mocha` and then add 'jest' or 'mocha' to the types field in your tsconfig.

[7m59[0m     it('should throw ForbiddenException when no user in request', async () => {
[7m  [0m [91m    ~~[0m

[96msrc/entitlement/__tests__/entitlement.guard.spec.ts[0m:[93m63[0m:[93m7[0m - [91merror[0m[90m TS2304: [0mCannot find name 'jest'.

[7m63[0m       jest.spyOn(reflector, 'getAllAndOverride').mockReturnValue(metadata);
[7m  [0m [91m      ~~~~[0m

[96msrc/entitlement/__tests__/entitlement.guard.spec.ts[0m:[93m67[0m:[93m13[0m - [91merror[0m[90m TS2304: [0mCannot find name 'expect'.

[7m67[0m       await expect(guard.canActivate(context)).rejects.toThrow(ForbiddenException);
[7m  [0m [91m            ~~~~~~[0m

[96msrc/entitlement/__tests__/entitlement.guard.spec.ts[0m:[93m68[0m:[93m13[0m - [91merror[0m[90m TS2304: [0mCannot find name 'expect'.

[7m68[0m       await expect(guard.canActivate(context)).rejects.toThrow('Authentication required');
[7m  [0m [91m            ~~~~~~[0m

[96msrc/entitlement/__tests__/entitlement.guard.spec.ts[0m:[93m71[0m:[93m5[0m - [91merror[0m[90m TS2593: [0mCannot find name 'it'. Do you need to install type definitions for a test runner? Try `npm i --save-dev @types/jest` or `npm i --save-dev @types/mocha` and then add 'jest' or 'mocha' to the types field in your tsconfig.

[7m71[0m     it('should allow access when entitlement check passes', async () => {
[7m  [0m [91m    ~~[0m

[96msrc/entitlement/__tests__/entitlement.guard.spec.ts[0m:[93m75[0m:[93m7[0m - [91merror[0m[90m TS2304: [0mCannot find name 'jest'.

[7m75[0m       jest.spyOn(reflector, 'getAllAndOverride').mockReturnValue(metadata);
[7m  [0m [91m      ~~~~[0m

[96msrc/entitlement/__tests__/entitlement.guard.spec.ts[0m:[93m87[0m:[93m7[0m - [91merror[0m[90m TS2304: [0mCannot find name 'expect'.

[7m87[0m       expect(result).toBe(true);
[7m  [0m [91m      ~~~~~~[0m

[96msrc/entitlement/__tests__/entitlement.guard.spec.ts[0m:[93m88[0m:[93m7[0m - [91merror[0m[90m TS2304: [0mCannot find name 'expect'.

[7m88[0m       expect(mockEntitlementService.checkEntitlement).toHaveBeenCalledWith(
[7m  [0m [91m      ~~~~~~[0m

[96msrc/entitlement/__tests__/entitlement.guard.spec.ts[0m:[93m98[0m:[93m5[0m - [91merror[0m[90m TS2593: [0mCannot find name 'it'. Do you need to install type definitions for a test runner? Try `npm i --save-dev @types/jest` or `npm i --save-dev @types/mocha` and then add 'jest' or 'mocha' to the types field in your tsconfig.

[7m98[0m     it('should throw ForbiddenException when entitlement check fails', async () => {
[7m  [0m [91m    ~~[0m

[96msrc/entitlement/__tests__/entitlement.guard.spec.ts[0m:[93m102[0m:[93m7[0m - [91merror[0m[90m TS2304: [0mCannot find name 'jest'.

[7m102[0m       jest.spyOn(reflector, 'getAllAndOverride').mockReturnValue(metadata);
[7m   [0m [91m      ~~~~[0m

[96msrc/entitlement/__tests__/entitlement.guard.spec.ts[0m:[93m113[0m:[93m13[0m - [91merror[0m[90m TS2304: [0mCannot find name 'expect'.

[7m113[0m       await expect(guard.canActivate(context)).rejects.toThrow(ForbiddenException);
[7m   [0m [91m            ~~~~~~[0m

[96msrc/entitlement/__tests__/entitlement.guard.spec.ts[0m:[93m114[0m:[93m13[0m - [91merror[0m[90m TS2304: [0mCannot find name 'expect'.

[7m114[0m       await expect(guard.canActivate(context)).rejects.toThrow(
[7m   [0m [91m            ~~~~~~[0m

[96msrc/entitlement/__tests__/entitlement.guard.spec.ts[0m:[93m119[0m:[93m5[0m - [91merror[0m[90m TS2593: [0mCannot find name 'it'. Do you need to install type definitions for a test runner? Try `npm i --save-dev @types/jest` or `npm i --save-dev @types/mocha` and then add 'jest' or 'mocha' to the types field in your tsconfig.

[7m119[0m     it('should pass incrementUsage option to service', async () => {
[7m   [0m [91m    ~~[0m

[96msrc/entitlement/__tests__/entitlement.guard.spec.ts[0m:[93m124[0m:[93m7[0m - [91merror[0m[90m TS2304: [0mCannot find name 'jest'.

[7m124[0m       jest.spyOn(reflector, 'getAllAndOverride').mockReturnValue(metadata);
[7m   [0m [91m      ~~~~[0m

[96msrc/entitlement/__tests__/entitlement.guard.spec.ts[0m:[93m138[0m:[93m7[0m - [91merror[0m[90m TS2304: [0mCannot find name 'expect'.

[7m138[0m       expect(mockEntitlementService.checkEntitlement).toHaveBeenCalledWith(
[7m   [0m [91m      ~~~~~~[0m

[96msrc/entitlement/__tests__/entitlement.guard.spec.ts[0m:[93m140[0m:[93m9[0m - [91merror[0m[90m TS2304: [0mCannot find name 'expect'.

[7m140[0m         expect.objectContaining({
[7m   [0m [91m        ~~~~~~[0m

[96msrc/entitlement/__tests__/entitlement.guard.spec.ts[0m:[93m146[0m:[93m5[0m - [91merror[0m[90m TS2593: [0mCannot find name 'it'. Do you need to install type definitions for a test runner? Try `npm i --save-dev @types/jest` or `npm i --save-dev @types/mocha` and then add 'jest' or 'mocha' to the types field in your tsconfig.

[7m146[0m     it('should pass requiredValue option for tier checks', async () => {
[7m   [0m [91m    ~~[0m

[96msrc/entitlement/__tests__/entitlement.guard.spec.ts[0m:[93m151[0m:[93m7[0m - [91merror[0m[90m TS2304: [0mCannot find name 'jest'.

[7m151[0m       jest.spyOn(reflector, 'getAllAndOverride').mockReturnValue(metadata);
[7m   [0m [91m      ~~~~[0m

[96msrc/entitlement/__tests__/entitlement.guard.spec.ts[0m:[93m163[0m:[93m7[0m - [91merror[0m[90m TS2304: [0mCannot find name 'expect'.

[7m163[0m       expect(mockEntitlementService.checkEntitlement).toHaveBeenCalledWith(
[7m   [0m [91m      ~~~~~~[0m

[96msrc/entitlement/__tests__/entitlement.guard.spec.ts[0m:[93m165[0m:[93m9[0m - [91merror[0m[90m TS2304: [0mCannot find name 'expect'.

[7m165[0m         expect.objectContaining({
[7m   [0m [91m        ~~~~~~[0m

[96msrc/entitlement/__tests__/entitlement.guard.spec.ts[0m:[93m171[0m:[93m5[0m - [91merror[0m[90m TS2593: [0mCannot find name 'it'. Do you need to install type definitions for a test runner? Try `npm i --save-dev @types/jest` or `npm i --save-dev @types/mocha` and then add 'jest' or 'mocha' to the types field in your tsconfig.

[7m171[0m     it('should attach entitlement result to request', async () => {
[7m   [0m [91m    ~~[0m

[96msrc/entitlement/__tests__/entitlement.guard.spec.ts[0m:[93m175[0m:[93m7[0m - [91merror[0m[90m TS2304: [0mCannot find name 'jest'.

[7m175[0m       jest.spyOn(reflector, 'getAllAndOverride').mockReturnValue(metadata);
[7m   [0m [91m      ~~~~[0m

[96msrc/entitlement/__tests__/entitlement.guard.spec.ts[0m:[93m199[0m:[93m7[0m - [91merror[0m[90m TS2304: [0mCannot find name 'expect'.

[7m199[0m       expect(request.entitlementCheck).toEqual(checkResult);
[7m   [0m [91m      ~~~~~~[0m

[96msrc/entitlement/__tests__/entitlement.service.spec.ts[0m:[93m6[0m:[93m29[0m - [91merror[0m[90m TS2307: [0mCannot find module '@jobocate/contracts' or its corresponding type declarations.

[7m6[0m import { FeatureKeys } from '@jobocate/contracts';
[7m [0m [91m                            ~~~~~~~~~~~~~~~~~~~~~[0m

[96msrc/entitlement/__tests__/entitlement.service.spec.ts[0m:[93m8[0m:[93m1[0m - [91merror[0m[90m TS2593: [0mCannot find name 'describe'. Do you need to install type definitions for a test runner? Try `npm i --save-dev @types/jest` or `npm i --save-dev @types/mocha` and then add 'jest' or 'mocha' to the types field in your tsconfig.

[7m8[0m describe('EntitlementService', () => {
[7m [0m [91m~~~~~~~~[0m

[96msrc/entitlement/__tests__/entitlement.service.spec.ts[0m:[93m13[0m:[93m15[0m - [91merror[0m[90m TS2304: [0mCannot find name 'jest'.

[7m13[0m     findById: jest.fn(),
[7m  [0m [91m              ~~~~[0m

[96msrc/entitlement/__tests__/entitlement.service.spec.ts[0m:[93m17[0m:[93m14[0m - [91merror[0m[90m TS2304: [0mCannot find name 'jest'.

[7m17[0m     findOne: jest.fn(),
[7m  [0m [91m             ~~~~[0m

[96msrc/entitlement/__tests__/entitlement.service.spec.ts[0m:[93m18[0m:[93m11[0m - [91merror[0m[90m TS2304: [0mCannot find name 'jest'.

[7m18[0m     find: jest.fn(),
[7m  [0m [91m          ~~~~[0m

[96msrc/entitlement/__tests__/entitlement.service.spec.ts[0m:[93m22[0m:[93m14[0m - [91merror[0m[90m TS2304: [0mCannot find name 'jest'.

[7m22[0m     findOne: jest.fn(),
[7m  [0m [91m             ~~~~[0m

[96msrc/entitlement/__tests__/entitlement.service.spec.ts[0m:[93m26[0m:[93m14[0m - [91merror[0m[90m TS2304: [0mCannot find name 'jest'.

[7m26[0m     findOne: jest.fn(),
[7m  [0m [91m             ~~~~[0m

[96msrc/entitlement/__tests__/entitlement.service.spec.ts[0m:[93m27[0m:[93m23[0m - [91merror[0m[90m TS2304: [0mCannot find name 'jest'.

[7m27[0m     findOneAndUpdate: jest.fn(),
[7m  [0m [91m                      ~~~~[0m

[96msrc/entitlement/__tests__/entitlement.service.spec.ts[0m:[93m31[0m:[93m14[0m - [91merror[0m[90m TS2304: [0mCannot find name 'jest'.

[7m31[0m     findOne: jest.fn(),
[7m  [0m [91m             ~~~~[0m

[96msrc/entitlement/__tests__/entitlement.service.spec.ts[0m:[93m37[0m:[93m3[0m - [91merror[0m[90m TS2304: [0mCannot find name 'beforeEach'.

[7m37[0m   beforeEach(async () => {
[7m  [0m [91m  ~~~~~~~~~~[0m

[96msrc/entitlement/__tests__/entitlement.service.spec.ts[0m:[93m39[0m:[93m19[0m - [91merror[0m[90m TS2304: [0mCannot find name 'jest'.

[7m39[0m       setContext: jest.fn(),
[7m  [0m [91m                  ~~~~[0m

[96msrc/entitlement/__tests__/entitlement.service.spec.ts[0m:[93m40[0m:[93m13[0m - [91merror[0m[90m TS2304: [0mCannot find name 'jest'.

[7m40[0m       info: jest.fn(),
[7m  [0m [91m            ~~~~[0m

[96msrc/entitlement/__tests__/entitlement.service.spec.ts[0m:[93m41[0m:[93m13[0m - [91merror[0m[90m TS2304: [0mCannot find name 'jest'.

[7m41[0m       warn: jest.fn(),
[7m  [0m [91m            ~~~~[0m

[96msrc/entitlement/__tests__/entitlement.service.spec.ts[0m:[93m42[0m:[93m14[0m - [91merror[0m[90m TS2304: [0mCannot find name 'jest'.

[7m42[0m       error: jest.fn(),
[7m  [0m [91m             ~~~~[0m

[96msrc/entitlement/__tests__/entitlement.service.spec.ts[0m:[93m43[0m:[93m14[0m - [91merror[0m[90m TS2304: [0mCannot find name 'jest'.

[7m43[0m       debug: jest.fn(),
[7m  [0m [91m             ~~~~[0m

[96msrc/entitlement/__tests__/entitlement.service.spec.ts[0m:[93m61[0m:[93m3[0m - [91merror[0m[90m TS2304: [0mCannot find name 'afterEach'.

[7m61[0m   afterEach(() => {
[7m  [0m [91m  ~~~~~~~~~[0m

[96msrc/entitlement/__tests__/entitlement.service.spec.ts[0m:[93m62[0m:[93m5[0m - [91merror[0m[90m TS2304: [0mCannot find name 'jest'.

[7m62[0m     jest.clearAllMocks();
[7m  [0m [91m    ~~~~[0m

[96msrc/entitlement/__tests__/entitlement.service.spec.ts[0m:[93m65[0m:[93m3[0m - [91merror[0m[90m TS2593: [0mCannot find name 'describe'. Do you need to install type definitions for a test runner? Try `npm i --save-dev @types/jest` or `npm i --save-dev @types/mocha` and then add 'jest' or 'mocha' to the types field in your tsconfig.

[7m65[0m   describe('checkEntitlement - Boolean Features', () => {
[7m  [0m [91m  ~~~~~~~~[0m

[96msrc/entitlement/__tests__/entitlement.service.spec.ts[0m:[93m66[0m:[93m5[0m - [91merror[0m[90m TS2593: [0mCannot find name 'it'. Do you need to install type definitions for a test runner? Try `npm i --save-dev @types/jest` or `npm i --save-dev @types/mocha` and then add 'jest' or 'mocha' to the types field in your tsconfig.

[7m66[0m     it('should allow access when boolean entitlement is true', async () => {
[7m  [0m [91m    ~~[0m

[96msrc/entitlement/__tests__/entitlement.service.spec.ts[0m:[93m89[0m:[93m7[0m - [91merror[0m[90m TS2304: [0mCannot find name 'expect'.

[7m89[0m       expect(result.allowed).toBe(true);
[7m  [0m [91m      ~~~~~~[0m

[96msrc/entitlement/__tests__/entitlement.service.spec.ts[0m:[93m90[0m:[93m7[0m - [91merror[0m[90m TS2304: [0mCannot find name 'expect'.

[7m90[0m       expect(result.currentValue).toBe(true);
[7m  [0m [91m      ~~~~~~[0m

[96msrc/entitlement/__tests__/entitlement.service.spec.ts[0m:[93m93[0m:[93m5[0m - [91merror[0m[90m TS2593: [0mCannot find name 'it'. Do you need to install type definitions for a test runner? Try `npm i --save-dev @types/jest` or `npm i --save-dev @types/mocha` and then add 'jest' or 'mocha' to the types field in your tsconfig.

[7m93[0m     it('should deny access when boolean entitlement is false', async () => {
[7m  [0m [91m    ~~[0m

[96msrc/entitlement/__tests__/entitlement.service.spec.ts[0m:[93m116[0m:[93m7[0m - [91merror[0m[90m TS2304: [0mCannot find name 'expect'.

[7m116[0m       expect(result.allowed).toBe(false);
[7m   [0m [91m      ~~~~~~[0m

[96msrc/entitlement/__tests__/entitlement.service.spec.ts[0m:[93m117[0m:[93m7[0m - [91merror[0m[90m TS2304: [0mCannot find name 'expect'.

[7m117[0m       expect(result.message).toContain('requires upgrade');
[7m   [0m [91m      ~~~~~~[0m

[96msrc/entitlement/__tests__/entitlement.service.spec.ts[0m:[93m121[0m:[93m3[0m - [91merror[0m[90m TS2593: [0mCannot find name 'describe'. Do you need to install type definitions for a test runner? Try `npm i --save-dev @types/jest` or `npm i --save-dev @types/mocha` and then add 'jest' or 'mocha' to the types field in your tsconfig.

[7m121[0m   describe('checkEntitlement - Limit Features', () => {
[7m   [0m [91m  ~~~~~~~~[0m

[96msrc/entitlement/__tests__/entitlement.service.spec.ts[0m:[93m122[0m:[93m5[0m - [91merror[0m[90m TS2593: [0mCannot find name 'it'. Do you need to install type definitions for a test runner? Try `npm i --save-dev @types/jest` or `npm i --save-dev @types/mocha` and then add 'jest' or 'mocha' to the types field in your tsconfig.

[7m122[0m     it('should allow access when under limit', async () => {
[7m   [0m [91m    ~~[0m

[96msrc/entitlement/__tests__/entitlement.service.spec.ts[0m:[93m154[0m:[93m7[0m - [91merror[0m[90m TS2304: [0mCannot find name 'expect'.

[7m154[0m       expect(result.allowed).toBe(true);
[7m   [0m [91m      ~~~~~~[0m

[96msrc/entitlement/__tests__/entitlement.service.spec.ts[0m:[93m155[0m:[93m7[0m - [91merror[0m[90m TS2304: [0mCannot find name 'expect'.

[7m155[0m       expect(result.limit).toBe(50);
[7m   [0m [91m      ~~~~~~[0m

[96msrc/entitlement/__tests__/entitlement.service.spec.ts[0m:[93m156[0m:[93m7[0m - [91merror[0m[90m TS2304: [0mCannot find name 'expect'.

[7m156[0m       expect(result.usage).toBe(10);
[7m   [0m [91m      ~~~~~~[0m

[96msrc/entitlement/__tests__/entitlement.service.spec.ts[0m:[93m157[0m:[93m7[0m - [91merror[0m[90m TS2304: [0mCannot find name 'expect'.

[7m157[0m       expect(result.remaining).toBe(40);
[7m   [0m [91m      ~~~~~~[0m

[96msrc/entitlement/__tests__/entitlement.service.spec.ts[0m:[93m160[0m:[93m5[0m - [91merror[0m[90m TS2593: [0mCannot find name 'it'. Do you need to install type definitions for a test runner? Try `npm i --save-dev @types/jest` or `npm i --save-dev @types/mocha` and then add 'jest' or 'mocha' to the types field in your tsconfig.

[7m160[0m     it('should deny access when at limit', async () => {
[7m   [0m [91m    ~~[0m

[96msrc/entitlement/__tests__/entitlement.service.spec.ts[0m:[93m189[0m:[93m7[0m - [91merror[0m[90m TS2304: [0mCannot find name 'expect'.

[7m189[0m       expect(result.allowed).toBe(false);
[7m   [0m [91m      ~~~~~~[0m

[96msrc/entitlement/__tests__/entitlement.service.spec.ts[0m:[93m190[0m:[93m7[0m - [91merror[0m[90m TS2304: [0mCannot find name 'expect'.

[7m190[0m       expect(result.remaining).toBe(0);
[7m   [0m [91m      ~~~~~~[0m

[96msrc/entitlement/__tests__/entitlement.service.spec.ts[0m:[93m191[0m:[93m7[0m - [91merror[0m[90m TS2304: [0mCannot find name 'expect'.

[7m191[0m       expect(result.message).toContain('Limit reached');
[7m   [0m [91m      ~~~~~~[0m

[96msrc/entitlement/__tests__/entitlement.service.spec.ts[0m:[93m194[0m:[93m5[0m - [91merror[0m[90m TS2593: [0mCannot find name 'it'. Do you need to install type definitions for a test runner? Try `npm i --save-dev @types/jest` or `npm i --save-dev @types/mocha` and then add 'jest' or 'mocha' to the types field in your tsconfig.

[7m194[0m     it('should allow unlimited access when value is -1', async () => {
[7m   [0m [91m    ~~[0m

[96msrc/entitlement/__tests__/entitlement.service.spec.ts[0m:[93m217[0m:[93m7[0m - [91merror[0m[90m TS2304: [0mCannot find name 'expect'.

[7m217[0m       expect(result.allowed).toBe(true);
[7m   [0m [91m      ~~~~~~[0m

[96msrc/entitlement/__tests__/entitlement.service.spec.ts[0m:[93m218[0m:[93m7[0m - [91merror[0m[90m TS2304: [0mCannot find name 'expect'.

[7m218[0m       expect(result.limit).toBe(-1);
[7m   [0m [91m      ~~~~~~[0m

[96msrc/entitlement/__tests__/entitlement.service.spec.ts[0m:[93m219[0m:[93m7[0m - [91merror[0m[90m TS2304: [0mCannot find name 'expect'.

[7m219[0m       expect(result.message).toBe('Unlimited');
[7m   [0m [91m      ~~~~~~[0m

[96msrc/entitlement/__tests__/entitlement.service.spec.ts[0m:[93m222[0m:[93m5[0m - [91merror[0m[90m TS2593: [0mCannot find name 'it'. Do you need to install type definitions for a test runner? Try `npm i --save-dev @types/jest` or `npm i --save-dev @types/mocha` and then add 'jest' or 'mocha' to the types field in your tsconfig.

[7m222[0m     it('should increment usage when incrementUsage is true', async () => {
[7m   [0m [91m    ~~[0m

[96msrc/entitlement/__tests__/entitlement.service.spec.ts[0m:[93m259[0m:[93m7[0m - [91merror[0m[90m TS2304: [0mCannot find name 'expect'.

[7m259[0m       expect(result.allowed).toBe(true);
[7m   [0m [91m      ~~~~~~[0m

[96msrc/entitlement/__tests__/entitlement.service.spec.ts[0m:[93m260[0m:[93m7[0m - [91merror[0m[90m TS2304: [0mCannot find name 'expect'.

[7m260[0m       expect(mockUsageModel.findOneAndUpdate).toHaveBeenCalled();
[7m   [0m [91m      ~~~~~~[0m

[96msrc/entitlement/__tests__/entitlement.service.spec.ts[0m:[93m264[0m:[93m3[0m - [91merror[0m[90m TS2593: [0mCannot find name 'describe'. Do you need to install type definitions for a test runner? Try `npm i --save-dev @types/jest` or `npm i --save-dev @types/mocha` and then add 'jest' or 'mocha' to the types field in your tsconfig.

[7m264[0m   describe('checkEntitlement - Tier Features', () => {
[7m   [0m [91m  ~~~~~~~~[0m

[96msrc/entitlement/__tests__/entitlement.service.spec.ts[0m:[93m265[0m:[93m5[0m - [91merror[0m[90m TS2593: [0mCannot find name 'it'. Do you need to install type definitions for a test runner? Try `npm i --save-dev @types/jest` or `npm i --save-dev @types/mocha` and then add 'jest' or 'mocha' to the types field in your tsconfig.

[7m265[0m     it('should allow access when tier matches', async () => {
[7m   [0m [91m    ~~[0m

[96msrc/entitlement/__tests__/entitlement.service.spec.ts[0m:[93m289[0m:[93m7[0m - [91merror[0m[90m TS2304: [0mCannot find name 'expect'.

[7m289[0m       expect(result.allowed).toBe(true);
[7m   [0m [91m      ~~~~~~[0m

[96msrc/entitlement/__tests__/entitlement.service.spec.ts[0m:[93m290[0m:[93m7[0m - [91merror[0m[90m TS2304: [0mCannot find name 'expect'.

[7m290[0m       expect(result.currentValue).toBe('human');
[7m   [0m [91m      ~~~~~~[0m

[96msrc/entitlement/__tests__/entitlement.service.spec.ts[0m:[93m293[0m:[93m5[0m - [91merror[0m[90m TS2593: [0mCannot find name 'it'. Do you need to install type definitions for a test runner? Try `npm i --save-dev @types/jest` or `npm i --save-dev @types/mocha` and then add 'jest' or 'mocha' to the types field in your tsconfig.

[7m293[0m     it('should deny access when tier is lower than required', async () => {
[7m   [0m [91m    ~~[0m

[96msrc/entitlement/__tests__/entitlement.service.spec.ts[0m:[93m317[0m:[93m7[0m - [91merror[0m[90m TS2304: [0mCannot find name 'expect'.

[7m317[0m       expect(result.allowed).toBe(false);
[7m   [0m [91m      ~~~~~~[0m

[96msrc/entitlement/__tests__/entitlement.service.spec.ts[0m:[93m318[0m:[93m7[0m - [91merror[0m[90m TS2304: [0mCannot find name 'expect'.

[7m318[0m       expect(result.message).toContain('requires "human" tier');
[7m   [0m [91m      ~~~~~~[0m

[96msrc/entitlement/__tests__/entitlement.service.spec.ts[0m:[93m322[0m:[93m3[0m - [91merror[0m[90m TS2593: [0mCannot find name 'describe'. Do you need to install type definitions for a test runner? Try `npm i --save-dev @types/jest` or `npm i --save-dev @types/mocha` and then add 'jest' or 'mocha' to the types field in your tsconfig.

[7m322[0m   describe('checkEntitlement - Edge Cases', () => {
[7m   [0m [91m  ~~~~~~~~[0m

[96msrc/entitlement/__tests__/entitlement.service.spec.ts[0m:[93m323[0m:[93m5[0m - [91merror[0m[90m TS2593: [0mCannot find name 'it'. Do you need to install type definitions for a test runner? Try `npm i --save-dev @types/jest` or `npm i --save-dev @types/mocha` and then add 'jest' or 'mocha' to the types field in your tsconfig.

[7m323[0m     it('should deny access when user not found', async () => {
[7m   [0m [91m    ~~[0m

[96msrc/entitlement/__tests__/entitlement.service.spec.ts[0m:[93m330[0m:[93m7[0m - [91merror[0m[90m TS2304: [0mCannot find name 'expect'.

[7m330[0m       expect(result.allowed).toBe(false);
[7m   [0m [91m      ~~~~~~[0m

[96msrc/entitlement/__tests__/entitlement.service.spec.ts[0m:[93m331[0m:[93m7[0m - [91merror[0m[90m TS2304: [0mCannot find name 'expect'.

[7m331[0m       expect(result.message).toBe('User not found');
[7m   [0m [91m      ~~~~~~[0m

[96msrc/entitlement/__tests__/entitlement.service.spec.ts[0m:[93m334[0m:[93m5[0m - [91merror[0m[90m TS2593: [0mCannot find name 'it'. Do you need to install type definitions for a test runner? Try `npm i --save-dev @types/jest` or `npm i --save-dev @types/mocha` and then add 'jest' or 'mocha' to the types field in your tsconfig.

[7m334[0m     it('should deny access when plan not found', async () => {
[7m   [0m [91m    ~~[0m

[96msrc/entitlement/__tests__/entitlement.service.spec.ts[0m:[93m346[0m:[93m7[0m - [91merror[0m[90m TS2304: [0mCannot find name 'expect'.

[7m346[0m       expect(result.allowed).toBe(false);
[7m   [0m [91m      ~~~~~~[0m

[96msrc/entitlement/__tests__/entitlement.service.spec.ts[0m:[93m347[0m:[93m7[0m - [91merror[0m[90m TS2304: [0mCannot find name 'expect'.

[7m347[0m       expect(result.message).toBe('Plan not found');
[7m   [0m [91m      ~~~~~~[0m

[96msrc/entitlement/__tests__/entitlement.service.spec.ts[0m:[93m350[0m:[93m5[0m - [91merror[0m[90m TS2593: [0mCannot find name 'it'. Do you need to install type definitions for a test runner? Try `npm i --save-dev @types/jest` or `npm i --save-dev @types/mocha` and then add 'jest' or 'mocha' to the types field in your tsconfig.

[7m350[0m     it('should deny access when feature not defined for plan', async () => {
[7m   [0m [91m    ~~[0m

[96msrc/entitlement/__tests__/entitlement.service.spec.ts[0m:[93m368[0m:[93m7[0m - [91merror[0m[90m TS2304: [0mCannot find name 'expect'.

[7m368[0m       expect(result.allowed).toBe(false);
[7m   [0m [91m      ~~~~~~[0m

[96msrc/entitlement/__tests__/entitlement.service.spec.ts[0m:[93m369[0m:[93m7[0m - [91merror[0m[90m TS2304: [0mCannot find name 'expect'.

[7m369[0m       expect(result.message).toContain('not available');
[7m   [0m [91m      ~~~~~~[0m

[96msrc/schemas/user.schema.ts[0m:[93m17[0m:[93m11[0m - [91merror[0m[90m TS2339: [0mProperty 'id' does not exist on type 'Required<{ _id: unknown; }> & { __v: number; }'.

[7m17[0m       ret.id = ret._id;
[7m  [0m [91m          ~~[0m

[96msrc/schemas/user.schema.ts[0m:[93m20[0m:[93m18[0m - [91merror[0m[90m TS2339: [0mProperty 'password' does not exist on type 'Required<{ _id: unknown; }> & { __v: number; }'.

[7m20[0m       delete ret.password;
[7m  [0m [91m                 ~~~~~~~~[0m

[[90m3:33:29 p.m.[0m] Found 138 errors. Watching for file changes.

[2J[3J[H[[90m3:33:36 p.m.[0m] File change detected. Starting incremental compilation...

[96msrc/schemas/user.schema.ts[0m:[93m17[0m:[93m11[0m - [91merror[0m[90m TS2339: [0mProperty 'id' does not exist on type 'Required<{ _id: unknown; }> & { __v: number; }'.

[7m17[0m       ret.id = ret._id;
[7m  [0m [91m          ~~[0m

[96msrc/schemas/user.schema.ts[0m:[93m20[0m:[93m18[0m - [91merror[0m[90m TS2339: [0mProperty 'password' does not exist on type 'Required<{ _id: unknown; }> & { __v: number; }'.

[7m20[0m       delete ret.password;
[7m  [0m [91m                 ~~~~~~~~[0m

[[90m3:33:37 p.m.[0m] Found 2 errors. Watching for file changes.

